departure_delay,HourlyDryBulbTemperature_x,HourlyPrecipitation_x,HourlyStationPressure_x,HourlyVisibility_x,HourlyWindSpeed_x
-8,49,0,29.59,10,8
17,58,0,29.65,10,3
44,51,0,29.98,10,6
24,48,0,29.98,10,0
-9,43,0,30.18,10,5
100,49,0,29.59,10,8
-9,78,0,30.03,10,7
-5,78,0,30.03,10,7
10,63,0,27.61,10,14
75,40,0.02,29.18,6,13
-15,47,0,29.69,10,7
-1,63,0,27.61,10,14
-12,74,0,28.66,10,5
-5,43,0,30.17,10,3
-2,63,0,27.59,10,11
-7,54,0,29.96,10,3
-24,46,0,26.92,7,9
-10,77,,29.84,10,9
-9,35,0,29.7,10,5
-7,63,0,27.59,10,11
-7,72,0,30.01,10,5
-1,28,0,28.9,10,6
-5,72,0,30.01,10,5
10,43,0.19,29.62,8,16
-12,42,0,29.43,10,14
3,72,0,30.01,10,5
-5,41,0,28.48,10,6
-10,63,0,27.59,10,11
-7,52,0,29.59,10,9
17,77,0,30.02,10,7
322,74,0,28.66,10,5
3,49,0,29.59,10,8
-1,58,0,29.65,10,3
166,78,0,30.03,10,7
-8,38,0,29.13,2,8
-1,59,0,29.02,10,7
-4,36,0,25.75,10,6
5,63,0,27.59,10,11
0,76,0,29.32,8,10
-2,64,0,28.67,10,3
-1,49,0,24.68,10,5
-3,63,0,27.61,10,14
-8,40,0,28.66,10,0
-5,42,0,30.17,10,3
-3,59,0,29.18,10,7
-1,58,0,29.65,10,3
-5,54,0,29.96,10,3
0,58,0,28.49,2.5,8
49,72,0,30.02,10,6
0,69,0,27.97,6,3
-3,46,0,29.32,8,9
33,43,0,29.6,10,0
-9,73,0.06,28.78,8,7
-9,39,0,28.76,10,3
-3,36,0,25.75,10,6
29,36,0,24.42,0.75,6
15,73,,29.84,10,7
-1,75,0,29,9,14
-6,76,0,29.32,8,10
-9,34,0.01,28.67,10,5
3,35,0,25.74,8,7
-2,76,0,29.32,8,10
-5,40,0,27.51,10,11
0,64,0,29.74,10,6
-10,54,0,26.53,10,9
24,48,0,29.05,1.75,10
-4,51,0,29.22,9,6
-3,75,0,29.56,10,10
-8,36,0,27.38,10,5
11,71,0,27.87,7,3
-3,34,0.01,28.56,8,14
-4,48,0.07,29.01,6,6
-4,76,0,29.82,10,11
14,73,,29.84,10,7
-9,38,0,29.23,10,6
-9,47,0,29.26,8,8
-8,48,0.02,29.03,5,14
1,56,0,28.85,7,3
-2,45,0.33,29.07,2,16
-3,62,0.04,29.07,10,18
-5,42,0.06,28.94,5,7
3,51,0,29.98,10,6
-7,53,0,26.16,0.25,10
-10,71,0,29.68,10,11
63,73,0,29.32,5,17
8,58,0,29.65,10,3
1,66,0,29.14,10,3
1,53,0,28.82,0.25,3
-9,72,0,30.02,10,6
-1,38,0.01,28.66,5,11
-3,44,0.02,29.36,6,6
7,46,0.02,29.05,7,10
-5,66,0,29.43,9,5
1,38,0.02,28.53,10,13
-1,66,0,26.91,3,5
-2,36,0,24.42,0.75,6
-12,51,0,29.22,9,6
-1,43,0,29.12,0.25,6
-4,46,0,29.32,8,9
-8,48,0.04,28.98,6,7
-2,42,0.01,29.32,4,13
-5,75,0,29.88,9,10
-6,37,0,28.33,10,7
-4,59,0,29.66,10,6
2,66,0,30.2,8,0
-1,71,0,29.5,10,9
-8,69,0,29.06,10,17
-9,69,0,29.85,5,0
-2,48,0.04,29.2,10,7
-2,69,0,29.06,10,17
-8,49,0,28.58,6,10
-6,44,0,29.99,10,5
-6,44,0.09,29.32,6,7
-10,48,0,29.05,1.75,10
-3,65,0,29.79,10,8
-4,54,0,30.36,10,11
-1,53,0,29.97,10,7
-3,64,0,29.74,10,6
-7,64,0,30.16,8,0
-6,44,0.09,29.32,6,7
-5,44,0.08,29.93,10,5
-9,78,0,30.02,10,7
-8,34,0,26.87,10,3
-4,77,0,29.78,9,17
18,36,0,24.44,10,7
-10,49,0,26.95,10,10
3,63,0,27.59,10,11
-1,75,0,29.89,8,10
-5,66,0,30,9,5
1,43,0,30.22,10,9
-3,63,0,29.23,10,0
-8,67,0,29.02,10,8
-5,64,0,30.07,6,5
-4,73,0,29.21,8,13
0,51,0,28.48,10,8
-8,66,0,29.43,10,3
-1,43,0,30.37,10,0
-5,31,0,27.1,10,0
-3,60,0,27.65,10,20
-4,56,0,29.17,9,0
-3,62,0.05,29.14,9,11
-3,74,0,29,9,11
0,45,0.33,29.07,2,16
0,49,0,24.68,10,5
0,63,0,29.17,9,8
-8,57,0,28.52,0.25,7
-10,76,0,29.23,9,13
-4,64,0,30.16,8,0
-4,61,0,28.01,10,3
-5,65,0,30.2,3,3
-11,72,0,30.02,10,6
-5,56,0,29.17,9,0
-2,31,0,28.29,10,0
-10,59,0,29.24,10,0
-4,71,0,29.48,10,10
-12,67,0,30.25,10,5
-2,72,0,30.02,10,6
12,73,0,29.23,8,11
-5,55,0,28.76,5,7
-1,69,0,29.06,10,17
-11,67,0,30.1,4,3
-1,58,0,29.02,10,6
-3,78,0,30.02,10,7
-11,44,0.02,29.72,7,10
-3,46,0.02,29.05,7,10
-9,28.5,0,26.78,10,0
-7,65,0,26.93,2,6
-1,51,0,29.99,10,3
-2,59,0,29.95,10,8
-9,31,0,27.1,10,0
-9,66,0,26.91,3,5
-1,61,0.02,29.12,10,13
1,57,0,29.03,10,5
79,39,0,29.1,10,9
-6,60,0,25.96,10,5
-9,43,0,29.12,0.25,6
-2,35,0,25.74,8,7
-13,50,0.02,28.96,2,0
-7,74,0,29.99,7,3
14,63,0,27.59,10,11
-4,77,0,30.02,10,7
-6,58,0,30.26,0,3
-6,69,0,30.13,10,6
-10,63,0,27.61,10,14
-5,63,0,30.2,2.5,5
-4,63,0,29.32,9,3
0,66,0,29.14,10,3
-11,55,0,28.84,7,3
4,67,0,30.22,7,0
-4,34,0,25.61,10,3
-7,36,0,25.63,10,5
-3,47,0,29.93,10,3
-9,41,0,28.7,10,5
-1,54,0,30.37,10,11
0,53,0,28.82,0.25,3
-6,31,0,27.1,10,0
-4,50,0,29.85,10,14
-2,62,0.05,29.14,9,11
-3,54,0,30.36,10,11
-1,49,0,30.39,10,0
-3,74,0,29,9,11
-9,58,0,28.49,2.5,8
221,73,0,30.14,10,6
-6,78,0,29.68,9,14
-10,76,0,29.35,6,7
-10,53,0,26.54,10,8
-1,51,0,29.22,9,6
-3,66,0,30.06,0.5,6
-7,72,0.06,28.8,6,11
-10,44,0,23.4,10,8
-9,46,0,28.89,10,15
1,45,0.07,29.72,10,10
-4,41,0,28.48,10,8
-12,46,0,28.89,10,15
-7,68,0,28.95,10,13
-1,75,0,29.57,8,9
-9,77,0,30.07,10,8
-7,39,0,29.1,10,9
-8,65,0,30.2,3,3
12,62,0.04,29.07,10,18
14,59,0.27,30.19,0.25,0
-4,77,0,30.02,10,7
0,73,0,29.23,8,11
-6,69,0,29.06,10,17
-2,66,0,30.03,7,3
-9,67,0,30.03,0.25,0
-1,75,0,29.99,7,10
83,78,0,29.8,10,17
-9,76,0,29.35,6,7
-10,29,0,26.92,10,0
-8,78,0,29.77,10,18
-4,67,0,29.01,10,11
-5,52,0,24.67,10,0
-1,36,0,25.75,10,6
-1,77,0,29.79,9,20
-9,71,0,29.97,9,3
-5,60,0,27.65,10,20
7,58,0,29.63,10,0
1,74,0,29,9,11
0,72,0,29.99,5,8
-1,39,0,29.1,10,9
-3,74,0,29,9,11
-6,76,0,29.35,6,7
-4,66,0,29.59,5,7
17,50,0.17,29.04,3,9
-7,74,0,29,9,11
-5,53,0,28.82,0.25,3
-6,72,0,30.02,10,6
-10,62,0.03,29.62,10,0
0,53,0,28.82,0.25,3
-8,63,0,30.13,0,0
-4,39,0,27.06,10,6
-4,60,0,30.29,0.25,0
11,76,0,29.82,10,11
-8,56,0,27.28,10,5
-8,67,0,30.1,4,3
-2,51,0,29.22,9,6
-6,50,0,30.43,10,3
-5,68,0,30.11,10,7
-7,72,0,30.02,10,6
0,47,0.13,29.18,4,18
-6,72,0,29.99,10,9
-5,68,0,29.78,10,5
-4,51,0,30.43,10,8
-4,57,0,29.66,10,3
4,65,0,29.45,10,0
6,67,0,29.12,10,5
-3,60,0,25.96,10,5
-9,76,0,29.35,6,7
-3,64,0,29.82,10,3
1,64,0.15,29.74,10,13
-2,76,0,29.35,6,7
-15,62,0,29.22,10,3
4,76,0,29.84,10,10
-2,44,0,29.5,10,16
-5,63,0.08,30.26,2,0
-5,39,0,29.13,4,9
-3,51,0,29.98,10,6
-1,53,0,28.8,0.25,3
-2,70,0,30.06,10,7
-2,73,0,30.14,10,6
-7,74,0,28.66,10,5
0,49,0,29.59,10,8
-6,56,0,28.85,7,3
-5,53,0,30.39,10,3
-6,70,0,29.05,10,17
-2,61,0,29.01,10,0
-9,44,0,29.34,10,9
80,47,0.15,29.05,2,18
-12,42,0,30.11,10,6
3,34,0.04,29.01,1,15
-15,43,0,29.87,9,0
-10,38,0,28.55,10,9
-10,78,0,30.02,10,7
-9,42,0,30.11,10,6
-5,53,0,30.41,10,7
6,59,0,29.18,10,7
-10,44,0,29.5,10,16
-13,42,0,30.16,10,3
-5,42,0,29.08,0.25,9
-4,57,0,28.52,0.25,7
-6,63,0,28.95,10,10
-1,46,0,28.89,10,15
-5,47,0,29.96,10,6
1,74,0,29.36,6,10
-1,49,0,24.68,10,5
120,58,0,29.65,10,3
-1,68,0,30.11,10,7
-6,53,0,29.67,9,3
-5,49,0,30.39,10,0
0,74,0,29.36,6,10
-1,68,0,29.11,10,13
0,64,0.03,30.27,10,0
0,60,0,27.68,10,15
-3,60,0,28.87,10,5
-4,45,0.33,29.07,2,16
-10,44,0,29.99,10,5
-5,49,0,29.23,10,7
0,36,0,24.44,10,7
-6,67,0,30.25,10,5
-7,60,0,30.27,10,11
14,47,0,29.96,10,6
-2,61,0.02,29.12,10,13
53,76,0.06,30.09,10,15
-4,31,0,27.1,10,0
-6,55,0,30.03,10,10
-5,51,0,30.42,10,7
-5,63,0,29.17,9,8
-6,61,0,28.01,10,3
9,47,0,29.32,9,7
42,64,0,29.82,10,3
-3,59,0,29.18,10,7
-3,63,0,29.23,10,0
-10,68,0,29.11,10,13
-4,44,0,29.5,10,16
63,37,0.01,23.81,0.12,6
-5,57,0,28.52,0.25,7
-3,57,0,28.52,0.25,7
-5,60,0,27.68,10,15
-10,48,0,29.5,10,3
-2,57,0,28.53,0.25,5
-16,38,0,29.66,10,0
0,64,0,30.19,5,0
-2,52,0,29.94,10,3
-3,64,0,29.82,10,3
-4,46,0,29.32,8,9
-3,40,0,27.52,10,10
-13,43,0,30.12,10,5
1,53,0,26.18,0.25,10
-2,66,0,28.69,10,3
-4,36,0,25.75,10,6
0,75,0,29.89,8,10
-10,69,0.04,29.68,9,11
-2,49,0,24.68,10,5
-8,59,0.02,29.25,7,5
-6,70,0,29.94,10,5
-7,31,0,26.41,10,8
7,71,0,29.5,10,9
9,74,0,29.36,6,10
-1,60,0,30.27,10,11
-2,42,0.05,28.96,1,8
-2,38,0,29.7,10,3
-8,52,0,29.94,10,3
-12,34,0,25.9,10,7
-6,61,0,28.01,10,3
25,76,0,29.84,10,10
-7,76,0,29.35,6,7
-4,58,0,30.18,9,11
-9,52,0,29.33,10,5
0,45,0,28.88,10,5
-2,39,0,29.13,4,9
-5,48,0,29.17,10,9
-9,41,0,27.75,1.25,9
-9,44,0,30.19,10,0
-2,31,0,27.1,10,0
-3,37,0.02,28.61,5,11
-2,63,0,29.32,9,3
106,44,0.02,24.25,10,7
-5,64,0,29.82,10,3
-2,44,0,28.95,8,7
-10,59,0,30.27,10,6
-2,46,0,28.89,10,15
-1,51,0,30.01,9,6
-6,39,0.01,28.93,4,15
-8,66,0,29.08,10,9
95,54,0.02,29.16,5,8
-6,41,0.06,29.2,2,17
-6,46,0,30.24,10,3
-6,49,0.04,28.97,3,8
0,48,0,29.22,1.5,7
-3,31,0,27.1,10,0
-1,54,0,30.37,10,11
0,63,0,30.23,0.5,3
0,75,0,29.89,8,10
-7,55,0,29.99,10,7
7,60,0,27.68,10,15
-6,46,0,28.89,10,15
-5,44,0,29.99,10,5
-4,43,0,29.12,0.25,6
-4,67,0,29.46,5,7
-5,75,0,29.89,8,10
0,36,0,25.75,10,6
-9,31,0,27.1,10,0
-5,44,0,28.71,10,11
-5,76,0.02,30.08,10,13
15,52,0,28.52,7,7
-7,52,0,29.94,10,3
-1,66,0,28.69,10,3
41,73,0,29.92,10,17
-4,69,0,29.06,10,17
-6,52,0,29.94,10,3
-3,74,0,29.36,6,10
-1,64,0,29.82,10,3
-6,37,0,29.02,10,10
-4,43,0.03,29.29,10,14
-5,52,0,30.41,10,6
-3,49,0,29.98,10,0
-10,54,0.03,29.01,2.5,0
-7,40,0,27.52,10,10
-11,54,0,30.37,10,11
-4,60,0,27.68,10,15
-6,50,0,30.43,10,3
-4,44,0,29.5,10,16
-11,39,0.02,25.08,10,17
-10,31,0,28.29,9,0
-6,62,0.04,29.07,10,18
-9,44,0.14,29.93,3,8
12,72,0,29.53,10,10
-9,46,0,30.24,10,3
-2,65,0,26.93,2,6
-6,57,0,29.03,10,5
-5,41,0,25.13,10,7
99,58,0,28.88,8,0
-1,50,0.02,28.97,1,0
-5,57,0,29.66,10,3
-5,65,0,29.42,10,10
-12,26,0,23.36,10,5
-6,45,0,30.14,10,3
-4,44,0.14,29.93,3,8
-7,68,0,28.95,10,13
-7,46,0,30.24,10,3
-3,44,0,23.4,10,8
90,69,0,29.06,10,17
-10,45,0.07,29.72,10,10
-2,70,0,29.05,10,17
-5,44,0.02,29.72,7,10
-10,45,0.02,27.86,10,10
2,58,0,29.65,10,3
-6,67,0,30.22,7,0
212,66,0,29.14,10,3
-6,44,0,30.19,10,0
-4,78,0,29.77,10,18
-10,34,0,26.87,10,3
-5,46,0,29.32,8,9
-5,64,0,29.82,10,3
0,28,0,22.79,10,5
-5,57,0,29.03,10,5
-5,56,0,27.28,10,5
-9,64,0,30.1,2,3
5,39,0,28.67,10,0
-9,46,0,29.82,8,0
-9,36,0,28.34,10,5
-2,74,0,29.36,6,10
-4,64,0,30.1,2,3
4,49,0,24.68,10,5
-9,50,0.02,28.97,1,0
-2,43,0,30.12,10,5
-5,66,0,29.08,10,9
-2,77,0,30.07,10,8
-7,49,0,30.39,10,0
7,68,0,29.99,10,6
0,60,0,29.22,10,14
-7,73,0,29.23,8,11
-9,45,0,29.62,10,6
-4,38,0,29.13,4,8
63,45,0,29.35,10,5
-4,61,0.02,29.12,10,13
-7,63,0,29.32,9,3
-4,59,0,29.18,10,7
-2,60,0,30.27,10,11
13,67,0,29.46,5,7
-1,77,0.06,30.11,10,14
-5,69,0,30.05,0.25,0
32,29,0.02,25.57,0.75,6
-12,50,0,30.43,10,3
-6,33,0,23.15,10,0
-8,45,0,30.39,10,3
2,59,0,29.18,10,7
-7,52,0,30.41,10,6
-10,50,0,30.43,10,3
-13,56,0,28.85,7,3
2,52,0,28.78,10,0
-5,44,0,29.5,10,16
0,49,0,30.39,10,0
-17,50,0,30.44,10,0
-7,46,,29.91,15,5
-6,44,0.14,29.93,3,8
-6,53,0,29.67,9,3
-1,58,0,28.59,10,0
-7,65,0,29.19,10,8
-5,51,0,29.22,9,6
-1,68,0,30.11,10,7
-5,53,0,26.54,10,8
-3,45,0.07,29.72,10,10
-4,60,0,27.68,10,15
-1,64,0,29.82,10,3
-3,60,0,30.27,10,11
45,63,0,27.57,10,17
-3,66,0,29.59,4,7
-4,47,0,29.96,10,6
4,47,0,29.96,10,6
-5,43,0,29.12,0.25,6
-3,64,0,30.19,5,0
-3,60,0,30.27,10,11
-7,60,0,29.22,10,14
-7,45,0,30.14,10,3
1,44,0,29.58,10,7
8,76,0.02,30.08,10,13
-1,77,0,29.79,9,20
-9,28,0.02,24.92,10,7
-3,77,0,30.07,10,8
-4,42,0,30.38,10,3
-1,72,0,29.49,10,9
-10,,,,,
-3,44,0,29.47,10,16
0,53,0.01,29.16,2.5,9
-2,52,0,30.41,10,6
-10,47,0,29.32,9,7
-4,31,0.05,26.74,0.75,5
-3,66,0,29.08,10,9
-2,74,0,29,9,11
-3,44,0,29.99,10,5
-8,60,0,30.27,10,11
-7,57,0,29.03,10,5
-10,55,0,29.99,10,8
-6,72,0,30.03,10,8
-4,39,0,29.8,10,3
-3,48,0,29.29,10,5
0,76,0.02,30.08,10,13
0,72,0,30.16,10,3
-10,58,0,30.26,0,3
-3,57,0,28.85,10,0
-7,69,0,30.13,10,6
-16,45,0.02,29.16,10,8
1,68,0,30.1,10,6
3,66,0,30.06,0.5,6
-3,67,0,29.12,10,5
-7,60,0,29.48,10,5
-8,39,0,30.22,10,9
-6,50,0,30.43,10,3
-6,38,0,28.18,2,9
0,64,0.03,30.27,10,0
-5,42,0.02,29.23,10,6
-6,66,0,29.12,10,3
-4,49,0,24.68,10,5
-1,56,0,28.85,7,3
-1,64,0,30.1,2,3
-5,53,0,30.41,10,7
-6,45,0,30.39,10,3
-3,66,0,29.14,10,3
-2,60,0,27.68,10,15
-2,52,0,30.41,10,6
-5,67,0,29.48,3,8
-5,76,0.02,30.08,10,13
3,36,0,24.41,0.75,10
-5,45,0.07,29.72,10,10
-1,75,0,29.89,8,10
-7,45,0.07,29.72,10,10
-11,46,0,30.24,10,3
-5,49,0,30.35,5,0
-3,59,0,29.18,10,7
-3,45,0,30.14,10,3
-4,60,0,30.27,10,11
-3,47,0.15,29.05,2,18
-1,72,0,30.16,10,3
-1,75,0,29.03,8,13
-4,52,0,24.7,10,3
-4,31,0,26.41,10,8
12,48,0,29.22,1.5,7
-5,73,0,30.16,10,5
-3,72,0,29.49,10,9
-2,43,0,29.12,0.25,6
0,67,0,29.84,10,7
-5,71,0,29.5,10,9
0,57,0,29.66,10,3
53,43,0,29.12,0.25,6
-3,60,0,27.68,10,15
0,58,0,30.18,9,11
-5,61,0,29.01,10,0
-5,58,0,29.98,10,8
-11,56,0,30.03,10,13
-9,51,0,29.22,9,6
-5,64,0,29.82,10,3
-5,60,0,30.27,10,11
-7,52,0,30.41,10,6
-7,72,0,30.03,10,8
-8,76,0,30,10,7
-5,44,0,29.5,10,16
-6,65,0,29.45,10,0
-8,67,0.01,30.22,0.25,3
-5,44,0.14,29.93,3,8
-3,47,0,29.32,9,7
-2,64,0,30.1,2,3
-10,39,0.01,28.93,4,15
0,39,0,28.67,10,0
-6,42,0,30.38,10,3
-4,41,0.06,29.2,2,17
192,44,0,29.5,10,16
4,53,0,30.41,10,7
-8,67,0,30.25,10,5
-8,50,0,30.43,10,3
-5,57,0.01,28.97,4,11
-7,61,0.02,29.1,10,16
4,67,0,30.22,7,0
-7,48,0,29.29,10,5
-13,42,0,30.11,10,6
-6,52,0,30.41,10,6
-5,56,0,28.85,7,3
4,71,0,29.5,10,9
-9,64,0,30.16,8,0
-3,56,0,28.85,7,3
-5,46,0,29.32,8,9
1,36,0,24.44,10,7
-4,59,0,29.18,10,7
0,61,0,29.05,10,7
-4,60,0,27.68,10,15
-2,56,0,28.85,7,3
-6,47,0,29.41,10,8
11,74,0,28.65,10,9
-3,44,0,28.97,10,7
-3,52,0,29.94,10,3
-6,67,0,30.25,10,5
-5,44,0,29.58,10,7
-16,43,0,30.12,10,5
1,36,0,24.44,10,7
-2,72,0,29.53,10,10
-6,47,0,29.96,10,6
2,36,0,24.44,10,7
-7,68,0,29.54,10,3
-3,69,0,30.27,10,6
3,72,0,29.49,10,9
395,42,0,28.72,2,14
-2,66,0,28.69,10,3
-5,69,0,29.06,10,17
-3,64,0,25.98,10,5
-12,67,0,29.12,10,5
-5,50,0,30.43,10,3
-2,59,0,29.18,10,7
-3,69,0.02,29.71,10,9
-2,72,0,30.03,10,8
-6,67,0,30.25,10,5
-2,62,0,29.2,10,8
-7,44,0,29.99,10,5
18,74,0,29,9,11
0,74,0,29.36,6,10
-4,69,0.02,29.71,10,9
-8,77,0,30.07,10,8
9,70,0,29.09,10,22
-7,62,0,29.99,10,3
-2,37,0,25.77,10,8
-4,60,0,30.28,10,11
-4,53,0.01,29.16,2.5,9
0,44,0.14,29.93,3,8
-5,44,0,29.99,10,5
-8,62,0,29.99,10,3
0,57,0,29.66,10,3
-2,66,0,29.14,10,3
-10,53,0,30.41,10,7
-12,44,0,29.5,10,16
-9,76,0,29.35,6,7
-5,67,0,29.49,10,7
-1,50,0,30.43,10,3
-10,66,0,30.03,7,3
-12,45,0.02,29.16,10,8
-5,69,0,30.27,10,6
-6,67,0,30.22,7,0
-8,44,0,30.19,10,0
24,54,0,30.37,10,11
-7,44,0,29.34,10,9
34,63,0,29.32,9,3
-2,64,0,30.19,5,0
-5,45,0.07,29.72,10,10
-8,60,0,30.27,10,11
-3,52,0,29.94,10,3
0,73,0,29.23,8,11
-4,73,0,29.23,8,11
-6,47,0,29.96,10,6
-3,28.5,0,26.78,10,0
-8,62,0,30.01,10,6
-3,51,0,29.22,9,6
-6,28,0,25.56,10,6
-3,52,0,30.41,10,6
2,58,0,29.1,10,0
-6,67,0,29.02,10,8
-4,71,0,30.04,10,7
0,70,0,29.09,10,22
-1,45,0,30.14,10,3
-3,58,0,29.98,10,8
-6,50,0,30.43,10,3
-10,61,0,29.01,10,0
-1,68,0,29.54,10,3
-6,56,0,28.85,7,3
13,45,0.07,29.72,10,10
-1,69,0,30.01,1.5,0
-1,58,0,30.18,9,11
0,45,0.07,29.72,10,10
-3,44,0,28.95,8,7
-6,56,0,28.85,7,3
-3,69,0,29.06,10,17
-5,58,0,30.26,0,3
-4,69,0,29.06,10,17
13,72,0,30.1,10,9
-1,36,0,25.63,10,5
12,42,0,30.11,10,6
2,38,0,24.45,10,10
-7,40,0,27.52,10,10
-3,44,0,29.5,10,16
-2,43,0.02,30.05,6,5
-13,45,0,29.35,10,5
-6,36,0,25.63,10,5
-8,77,0,29.37,7,9
4,66,0,29.14,10,3
-8,67,0,30.25,10,5
-11,64,0,29.82,10,3
0,62,0.01,29.21,10,8
-7,51,0,30.01,9,6
6,44,0,30.19,10,0
-3,52,0,29.59,10,9
-7,76,0,30.05,10,9
-5,35,0,25.82,10,10
-7,42,0,30.38,10,3
-2,66,0,28.69,10,3
-8,47,0,30,10,0
-6,58,0,29.98,10,8
-6,50,0,30.43,10,3
0,53,0,28.84,0.25,5
-2,53,0.01,29.16,2.5,9
-5,42,0,27.13,10,5
4,72,0,30.02,10,6
-8,51,0,30.01,9,6
-6,52,0,29.94,10,3
0,70,0,29.05,10,17
0,45,0.33,29.07,2,16
-1,75,0,29.89,8,10
2,56,0,28.85,7,3
-2,49,0,30.39,10,0
-4,56,0,29.64,10,5
-4,57,0,30.19,9,11
0,74,0,29.39,7,8
-8,67,0,29.02,10,8
-10,44,0,30.19,10,0
-11,71,0,29.97,9,3
-3,46,0,29.32,8,9
-12,55,0,30.03,10,10
-2,67,0,30.25,10,5
-7,58,0,30.18,9,11
-2,66,0,29.98,6,0
-5,46,0,29.32,8,9
-8,60,0,28.79,7,7
-4,76,0,30.14,10,13
-5,66,0,29.08,10,9
-6,64,0,29.82,10,3
-10,58,0,29.98,10,8
-4,69,0,28.68,10,10
-10,48,0,29.34,10,7
491,39,0,29.13,4,9
-4,54,0,29.83,10,3
0,49,0,24.68,10,5
-1,68,0,29.11,10,13
32,39,0,29.13,4,9
-4,61,0,28.01,10,3
-8,49,0,30.01,10,3
-5,49,0.02,29.02,4,15
-14,51,0,29.22,9,6
-15,58,0,30.18,9,11
-6,37,0.02,28.61,5,11
-7,47,0.15,29.05,2,18
-7,52,0,29.33,10,5
1,74,0,29.25,8,11
16,69,0,28.97,10,16
-15,68,0,28.95,10,13
-2,72,0,30.03,10,8
-2,57,0,28.52,0.25,7
-3,67,0,29.46,5,7
-12,38,0,28.55,10,9
-9,64,0,30.1,2,3
-2,68,0,30.22,1,3
-10,66,0,29.59,5,7
-10,46,0,29.58,10,8
-7,38,0,29.7,10,3
1,74,0,29,9,11
-8,63,0,30.12,0.25,6
-9,66,0,29.14,10,3
2,75,0,29.03,8,13
-5,55,0,26.56,10,7
0,66,0,29.14,10,3
-7,51,0,30.01,9,6
-3,46,0,28.91,10,13
-3,45,0,30.39,10,3
-1,69,0,29.85,8,6
22,53,0.01,29.16,2.5,9
-2,61,0,29.01,10,0
-4,53,0,30,10,6
0,75,0,29.89,8,10
-2,51,0,29.04,3,8
-1,59,0,29.18,10,7
-5,60,0,30.27,10,11
-7,47,0,29.96,10,6
-10,37,0.06,29.35,5,18
-4,50,0.02,28.97,1,0
-5,43,0,28.58,10,13
0,71,0,29.5,10,9
0,57,0,30.19,9,11
-3,70,0,30.1,10,7
2,61,0.02,29.12,10,13
-4,60,0,30.29,0.25,0
4,76,0,29.35,6,7
-5,42,0,30.38,10,3
-5,66,0,28.69,10,3
-7,67,0,29.46,5,7
-3,51,0,30.01,9,6
-9,59,0,29.18,10,7
-3,59,0.27,30.21,0.25,0
-5,53,0,30.41,10,7
11,57,0,28.53,0.25,5
-3,63,0,29.17,9,8
-9,53,0,30,10,6
-5,40,0,27.52,10,10
-5,49,0,29.98,10,0
-1,57,0,29.66,10,3
-9,59,0,29.18,10,7
-11,56,0,28.85,7,3
31,71,0,29.93,5,8
0,52,0,29.33,10,5
-4,66,0,28.69,10,3
-11,60,0,30.27,10,11
-3,14,0,24.53,10,3
-6,60,0,28.86,10,8
-7,26,0,26.28,10,7
-1,63,0,29.32,9,3
-3,34,0,27.12,10,3
-3,45,0,28.88,10,5
-4,67,0,30.22,7,0
-5,43,0,29.98,10,6
48,66,0,29.08,10,9
0,75,0,28.7,5,13
-7,29,0,26.92,10,0
-5,45,0.07,29.72,10,10
-3,36,0,24.44,10,7
-10,38,0,29.13,4,8
-14,51,0,30.43,10,8
-7,54,0,30.37,10,11
1,64,0,30.1,2,3
22,43,0,29.1,0.25,7
-2,69,0,29.05,10,11
-12,68,0,29.11,10,13
18,45,0,28.88,10,5
-8,60,0,28.87,10,5
-6,41,0,28.79,10,9
-2,57,0,28.52,0.25,7
-4,72,0,29.73,10,8
-5,73,0,29.53,10,13
-2,52,0,28.52,7,7
-6,76,0,29.35,6,7
-5,64,0,30.19,5,0
0,62,0,29.2,10,8
-3,56,0,28.85,7,3
0,66,0,29.14,10,3
-4,53,0,29.98,10,6
-6,57,0,30.19,9,11
-4,46,0,29.32,8,9
-4,45,0,28.92,10,3
-1,64,0.15,29.74,10,13
-5,65,0,26.93,2,6
-3,57,0,30.19,9,11
11,60,0,30.27,10,11
2,57,0,28.53,0.25,5
-9,45,0.02,29.16,10,8
-1,66,0,29.15,8,3
-7,73,0.04,30.1,4,11
-5,47,0,29.96,10,6
-1,36,0,25.75,10,6
-2,57,0,29.03,10,5
-10,66,0,28.69,10,3
-4,72,0,30.16,10,3
-6,45,0.01,30.17,8,5
0,53,0,28.82,0.25,3
-6,40,0,25.63,10,0
4,36,0,25.63,10,5
5,61,0,27.7,10,23
-3,76,0,30,10,7
-4,66,0,29.59,5,7
-2,64,0,30.1,2,3
-9,42,0.03,28.96,6,13
-4,61,0.02,29.12,10,13
-3,64,0,29.82,10,3
-9,60,0,29.48,10,5
-6,44,0,26.92,2,8
-6,56,0,28.77,6,8
-6,67,0,29.02,10,8
-3,71,0,30.08,0.25,0
-9,70,0,29.1,10,16
12,71,0,29.5,10,9
-8,78,0,29.8,10,17
-12,39,0,29.13,4,9
-4,46,0,28.89,10,15
-6,43,0,29.12,0.25,6
27,26,0.01,24.67,2,8
-1,41,0,28.54,10,5
-8,25,0,26.11,10,0
-3,69,0,30.2,9,0
-5,46,0,30.24,10,3
-6,61,0,27.7,10,23
2,53,0,28.82,0.25,3
-2,56,0,28.85,7,3
-8,59,0,29.18,10,7
-7,27,0,24.99,10,3
-5,69,0,29.06,10,17
-8,39,0.01,25.12,10,0
9,65,0,29.19,10,8
-6,43,0,29.1,0.25,7
-8,66,0,29.26,10,5
-4,64,0,25.98,10,5
-10,78,0,29.77,10,18
-1,52,0,28.5,8,8
-2,59,0,28.97,10,5
0,56,0,28.85,7,3
-11,53,0,30.41,10,7
-8,55,0,29.99,10,7
-6,76,0,29.84,10,10
-7,54,0,29.83,10,3
-5,66,0,29.14,10,3
-10,46,0,29.32,8,9
-4,45,0,30.39,10,3
-1,41,0,28.48,10,8
8,63,0,29.32,9,3
-9,77,0,29.98,9,8
-5,60,0,28.87,10,5
-8,60,0,27.68,10,15
-1,74,0,29.36,6,10
-5,59,0,28.6,10,10
-10,67,0,29.12,10,5
-5,66,0,29.08,10,9
-6,48,0,29.59,10,10
-3,53,0,30,10,6
-4,44,0,29.99,10,5
-6,77,0,30.07,10,8
-8,56,0.02,29.18,5,11
-8,71,0,29.58,9,10
-5,66,0,29.26,10,5
1,74,0,29.36,6,10
0,72,0,30.16,10,3
-6,48,0,29.59,10,10
-4,70,0,29.14,10,0
-12,50,0,29.98,9,7
-1,39,0,29.13,4,9
-6,60,0.07,28.6,6,17
-4,46,0,30.24,10,3
-6,49,0,26.98,10,5
-2,52,0,30.41,10,6
-2,53,0,28.82,0.25,3
0,65,0,29.19,10,8
-4,73,0,30.19,10,3
-11,62,0,29.99,10,3
-7,71,0,30.08,10,6
19,54,0,30.36,10,11
-8,50,0,30.43,10,3
-3,34,0,26.87,10,3
0,53,0.01,29.16,2.5,9
-6,72,0,29.49,10,9
-3,67,0,30.22,7,0
-6,44,0.08,29.49,10,10
-2,63,0,29.23,10,0
-2,69,0,29.06,10,17
-1,37,0,25.77,10,8
-4,76,0.02,30.08,10,13
-2,27,0.02,24.75,10,9
-7,58,0,30.26,0,3
-3,37,0,25.77,10,8
-6,52,0,30.41,10,6
-1,77,0,30.07,10,8
5,64,0,29.82,10,3
-6,68,0,28.95,10,13
-9,42,0,30.38,10,3
-5,44,0.14,29.93,3,8
-7,47,0.15,29.05,2,18
-7,34,0.04,28.82,2,13
-3,67,0,29.02,10,8
-7,46,0,28.89,10,15
-7,60,0,30.28,10,11
-10,53,0,30.41,10,7
-5,58,0,30.18,9,11
-6,73,0,29.23,8,11
-7,36,0,24.44,10,7
-3,64,0,30.19,5,0
-3,53,0,30.41,10,7
-9,72,0,29.49,10,9
-3,78,0,30.02,10,7
-6,51,0,29.22,9,6
27,45,0,28.97,8,5
-10,53,0,29.67,9,3
-10,56,0,28.77,6,8
-10,64,0,29.82,10,3
-10,62,0,29.99,10,3
-8,52,0,30.41,10,6
-10,42,0,30.11,10,6
-13,60,0,28.79,7,7
2,44,0,29.47,10,16
-1,72,0,29.53,10,10
-6,60,0,29.22,10,14
9,75,0,29.03,8,13
-8,49,0,29.98,10,0
-8,46,0,30.24,10,3
-2,76,0.02,30.06,7,8
-9,67,0,29.12,10,5
-7,66,0,29.98,6,0
0,45,0.07,29.72,10,10
-3,76,0,29.91,8,11
-4,69,0,28.77,4,0
-11,67,0,29.46,5,7
-6,46,0,28.91,10,13
-7,69,0,30.13,10,6
-14,45,0,30.14,10,3
-4,72,0,29.49,10,9
1,50,0,30.43,10,3
-8,53,0,30.42,10,5
-3,61,0.02,29.12,10,13
-9,70,0,30.14,10,9
-6,50,0,30.43,10,3
-2,52,0,29.94,10,3
-5,58,0,30.15,10,10
-2,74,0,29.36,6,10
-1,51,0,30.01,9,6
-4,59,0,29.18,10,7
-9,49,0,30.01,10,3
0,73,0,29.57,10,14
-7,63,0,29.23,10,0
-6,31,0,25.55,10,5
-3,44,0,29.99,10,5
-9,44,0,29.99,10,5
-5,74,0,29,9,11
-9,44,0,29.58,10,7
-8,44,0,29.5,10,16
-9,66,0,29.08,10,9
-5,53,0.01,29.16,2.5,9
-4,36,0,25.75,10,6
-13,43,0,30.12,10,5
-8,50,0,30.43,10,3
-13,52,0,29.94,10,3
-6,50,0,30.43,10,3
0,73,0,30.19,10,3
-4,66,0,29.15,8,3
-1,47,0,29.96,10,6
-2,42,0,30.38,10,3
-3,45,0,30.39,10,3
-5,60,0,27.68,10,15
-8,41,0.06,29.21,2,20
-6,64,0,30.1,2,3
-5,67,0,29.84,10,7
-2,52,0,30.18,10,8
-6,36,0,25.63,10,5
-6,51,0,30.45,10,7
-4,67,0,29.46,5,7
-2,56,0,30.03,10,0
-6,75,0.05,30.09,10,11
-6,59,0,28.6,10,10
-2,59,0,28.97,10,5
-4,64,0,29.82,10,3
-5,58,0,29.98,10,8
11,69,0.02,29.71,10,9
0,47,0,29.32,9,7
1,76,0.05,30.07,10,13
-7,46,0,29.32,8,9
-2,60,0,30.27,10,11
-2,60,0.07,28.6,6,17
4,64,0,29.82,10,3
-5,68,0,28.95,10,13
-5,51,0,30.44,10,5
-16,68,0,28.95,10,13
-7,52,0,24.67,10,0
-5,51,0,29.22,9,6
-1,46,0,30.24,10,3
-4,75,0,29.03,8,13
109,76,0,29.85,10,13
-12,46,0,28.89,10,15
-8,56,0,28.77,6,8
-7,60,0,30.27,10,11
-10,52,0,30.41,10,6
0,45,0.33,29.07,2,16
-16,57,0,29.84,10,3
-3,46,0,28.91,10,13
-4,35,0.01,28.57,6,15
0,66,0,29.14,10,3
-7,65,0,30.2,3,3
-10,51,0,30.43,10,8
-4,47,0,30.27,10,3
-11,70,0,30.01,10,3
-5,60,0,30.27,10,11
530,72,0,30.02,10,6
19,66,0,29.47,10,3
-3,53,0,30,10,6
-6,60,0,27.68,10,15
30,72,0,30.1,10,9
3,67,0,30.22,7,0
-5,53,0,29.98,10,6
0,61,0,27.7,10,23
-1,72,0,30.16,10,3
-2,30,0,25.57,10,7
-14,56,0,27.28,10,5
-7,69,0,28.97,10,16
-10,51,0,30.01,9,6
-3,43,0,29.87,9,0
-2,57,0,30.19,9,11
-4,72,0,30.16,10,3
-9,64,0,29.82,10,3
38,71,0,30.08,10,6
-3,69,0,29.06,10,17
-1,75,0,29.89,8,10
-4,62,0.04,29.53,8,7
-3,58,0,30.18,9,11
-3,51,0,30.01,9,6
191,67,0,29.46,5,7
-6,42,0,27.53,10,8
-7,43,0,26.88,10,5
-3,62,0,30.01,10,6
-2,64,0,30.1,2,3
-5,44,0,29.99,10,5
-10,76,0,30,10,7
43,44,0,30.19,10,0
7,55,0,30.03,10,10
31,71,0,29.91,0.75,7
-10,36,0,25.63,10,5
-2,69,0,30.13,10,6
-7,52,0,29.94,10,3
0,67,0,29.46,5,7
-5,48,0.02,29.03,5,14
-6,50,0.17,29.04,3,9
-7,37,0,28.78,10,8
-7,57,0,30.19,9,11
-6,51,0,30.01,9,6
-6,71,0,30.08,10,6
-2,73,0,30.19,10,3
-6,69,0,29.49,7,8
-8,66,0,29.08,10,9
-4,74,0,29.25,8,11
-9,67,0,29.02,10,8
0,67,0,29.46,5,7
-6,61,0,29.67,9,0
-2,66,0,29.08,10,9
-11,52,0,29.82,10,0
-3,44,0,28.7,10,14
-2,74,0,30.09,10,10
25,60,0,30.28,10,11
41,47,0,29.96,10,6
-18,37,0.02,28.61,10,13
-2,61,0,29.67,9,0
-4,52,0,30.41,10,6
-5,51,0,30.44,10,5
-1,76,0.05,30.07,10,13
-3,78,0,29.68,9,14
-3,44,0,29.5,10,16
-10,51,0,29.22,9,6
-2,53,0.01,29.16,2.5,9
-9,63,0,29.23,10,0
80,45,0.33,29.07,2,16
0,70,0,29.58,10,9
-8,42,0,30.38,10,3
-8,43,0.03,29.23,10,7
-7,42,0,30.11,10,6
-10,39,0,30.22,10,9
-3,39,0,29.1,10,9
-6,52,0,29.82,10,0
-1,69,0,29.18,7,7
4,54,0,30.37,10,11
-6,66,0,29.14,10,3
-7,69,0,29.06,10,17
-4,45,0,29.62,10,6
-2,51,0,26.98,10,0
-7,45,0.33,29.07,2,16
-3,49,0.02,29.02,4,15
-7,48,0.02,29.02,4,13
-7,66,0,30.03,7,3
98,76,0,29.35,6,7
-3,61,0.05,28.51,10,24
-5,53,0,30,10,6
-1,37,0.04,28.28,8,15
-4,51,0,30.44,10,5
-4,46,0,29.32,8,9
292,42,0,28.48,10,8
-3,58,0,29.65,10,3
9,46,0,29.58,10,8
-1,62,0.01,29.21,10,8
-1,76,0.02,30.08,10,13
-12,61,0,29.67,9,0
1,51,0,30.44,10,5
-1,72,0,29.99,5,8
-5,53,0,28.82,0.25,3
-10,44,0,28.68,10,3
0,73,0,30.19,10,3
-4,43,0,26.88,10,5
2,68,0,30.1,10,6
-3,67,0,28.7,10,6
-3,50,0,30.43,10,3
1,71,0,30.08,10,6
117,51,0,29.22,9,6
-1,66,0,29.47,10,3
-7,39,0,30.22,10,9
-4,53,0,29.98,10,6
-2,65,0,29.19,10,8
-1,74,0,29.48,10,15
84,59,0,28.6,10,14
22,44,0.14,29.93,3,8
0,77,0,30.07,10,8
-6,72,0,29.49,10,9
-3,72,0,29.49,10,9
-2,76,0,29.91,8,11
-2,75,0,30.01,10,6
-11,52,0,28.78,10,0
0,72,0,30.16,10,3
-4,53,0,30,10,6
-6,68,0,29.54,10,3
-4,61,0,29.67,9,0
-4,51,0,29.22,9,6
-6,72,0,30.03,10,8
-7,56,0.02,29.18,5,11
-6,48,0.04,29.2,10,7
-4,70,0,30.24,7,3
-1,61,0,29.13,10,0
62,72,0,29.49,10,9
-1,68,0,29.11,10,13
-3,72,0,30.03,10,8
-3,72,0,30.03,10,8
-7,70,0,30.14,10,9
0,74,0,29.25,8,11
-5,67,0,29.46,5,7
-7,68,0,29.44,10,9
0,34,0,24.43,4,0
-6,67,0,29.84,10,7
-10,49,0.02,29.09,6,5
-6,44,0,29.58,10,7
-3,74,0,29.25,8,11
-6,54,0,30.37,10,11
-11,43,0.03,29.29,10,14
-7,53,0,30.41,10,7
-3,46,0,29.32,8,9
1,62,0,29.2,10,8
-12,70,0,29.14,10,0
140,60,0.07,28.6,6,17
-3,74,0,29.25,8,11
-4,74,0,29.25,8,11
-4,53,0,28.84,0.25,5
-3,40,0,29.12,10,8
-1,63,0,27.59,10,11
-13,71,0,29.96,10,5
-4,69,0,28.97,10,16
-5,53,0,28.82,0.25,3
-7,51,0,30.01,9,6
-4,66,0,28.69,10,3
-3,39,0.01,28.94,4,16
-10,66,0,29.28,10,5
0,61,0,29.67,9,0
5,70,0,30.1,10,7
-4,74,0,29.35,10,11
-5,70,0,29.46,10,7
-10,53,0,30.41,10,7
0,71,0,30.08,10,6
-7,44,0,30.11,10,0
-10,64,0,29.82,10,3
11,72,0,30.1,10,9
9,45,0,28.97,8,5
7,73,0,30.19,10,3
-6,64,0,30.19,5,0
-6,72,0,30.16,10,3
147,71,0,28,6,8
-8,70,0,29.76,10,10
-2,53,0.01,29.16,2.5,9
-9,42,0,27.13,10,5
-6,52,0,28.52,7,7
-3,55,0,29.96,10,6
0,62,0.01,29.21,10,8
-5,72,0,30.1,10,9
0,60,0,29.99,10,0
-3,53,0.01,29.16,2.5,9
-2,60,0,25.96,10,5
-2,66,0,29.15,8,3
0,68,0,30.1,10,6
-2,64,0,29.82,10,3
1,73,0,30.19,10,3
0,52,0,28.5,8,8
-9,61,0.02,29.12,10,13
7,74,0,29.25,8,11
0,56,0,30.03,10,13
-5,28,0,23.66,10,0
-5,69,0,29.06,10,17
-4,76,0.02,30.08,10,13
-9,53,0,30.41,10,7
13,66,0,30.12,8,7
734,62,0.01,29.21,10,8
7,55,0,30.38,10,9
-7,71,0,30.08,10,6
1,68,0,29.11,10,13
-1,36,0,28.37,10,5
-5,34,0.01,28.57,9,20
-2,53,0,30.39,10,3
-8,69,0.02,29.71,10,9
-9,33,0,28.68,10,3
-5,51,0,30.01,9,6
-8,49,0.04,28.97,3,8
-3,40,0,29.12,10,8
-10,69,0,30.13,8,0
-3,74,0,29.25,8,11
-3,73,0.04,30.1,4,11
-6,38,0,29.13,10,8
-12,43,0,29.1,0.25,7
-3,60,0,30.28,10,11
-4,45,0.07,29.72,10,10
-4,51,0,30.43,10,8
15,54,0,30.37,10,11
-7,44,0,29.99,10,5
-4,69,0,30.09,10,6
271,63,0,29.17,9,8
-6,67,0,28.7,10,6
-2,57,0,30.19,9,11
88,46,0,29.58,10,8
-5,63,0.27,30.24,0.5,3
-2,69,0,29.06,10,17
-1,51,0,29.22,9,6
-5,63,0,30.12,0.25,6
-6,53,0,30,10,6
-3,62,0,30.01,10,6
-9,51,0,30.43,10,8
-7,75,0,30.01,10,6
-1,69,0,30.27,10,6
-4,74,0,29.39,7,8
-7,60,0,25.96,10,5
0,62,0,30.01,10,6
0,59,0.02,29.25,7,5
-6,61,0,27.7,10,23
4,71,0,30.08,10,6
-3,45,0,30.14,10,3
-6,64,0,29.21,10,9
-2,58,0,30.18,9,11
-7,,,,,
0,74,0,29.39,7,8
-9,48,0,29.24,1.5,0
-3,74,0,29.39,7,8
1,48,0,29.05,1.75,10
-3,60,0,30.27,10,11
-4,45,0,28.92,10,3
-3,67,0,30.05,4,0
-1,70,0,29.09,10,22
-7,71,0.16,30.05,10,7
-2,60,0,28.87,10,5
-3,51,0,29.04,3,8
2,77,0,29.37,7,9
0,76,0.02,30.08,10,13
34,72,0,29.49,10,9
-6,68,0,29.44,10,9
-5,70,0,29.09,10,22
-7,51,0,30.43,10,8
-8,57,0,30.19,9,11
-3,75,0,29.03,8,13
5,74,0,29.36,6,10
-1,60,0,25.96,10,5
-9,40,0,27.52,10,10
-5,75,0.05,30.09,10,11
0,72,0,29.53,10,10
0,60,0.07,28.6,6,17
-10,61,0,29.67,9,0
-4,60,0,29.96,10,0
-8,68,0,29.11,10,13
-3,66,0,29.14,10,3
-5,77,0,29.37,7,9
15,59,0,29.18,10,7
-1,61,0,28.99,10,3
-5,47,0,29.32,9,7
-6,66,0,29.15,8,3
-3,70,0,29.14,10,0
-4,40,0,29.12,10,8
23,49,0.02,29.09,6,5
54,47,0.15,29.05,2,18
-9,71,0,29.5,10,9
-11,60,0,30.28,10,11
-4,74,0,29.25,8,11
43,38,0,24.45,10,10
-4,81,0.02,29.62,10,16
-8,70,,30.26,10,0
26,59,0,29.66,10,6
-1,61,0,29.67,9,0
-5,76,0,29.84,10,10
-5,45,0.04,29.93,10,8
-4,72,0,30.03,10,8
-4,50,0.24,29.11,3,9
-11,68,0,29.11,10,13
-10,53,0,30.42,10,5
24,59,0,28.57,10,11
-6,63,0,30.12,0.25,6
-8,69,0,30.2,9,0
-13,51,0,30.43,10,8
-10,67,0,29.12,10,5
-7,72,0,29.07,10,14
-4,67,0,28.7,10,6
-15,48,0,29.25,5,10
-9,58,0,30.18,9,11
-6,62,0.02,29.11,10,13
6,71,0,30.08,10,6
-7,53,0,30.41,10,7
-4,68,0,29.54,10,3
-5,61,0,29.67,9,0
-1,54,0.02,28.97,3,3
-6,41,0,28.48,10,8
-8,57,0,30.19,9,11
-5,54,0.01,29.01,7,13
-9,45,0.01,30.17,8,5
-8,55,0,30.38,10,9
-6,53,0,29.98,10,6
-8,55,0,29.99,10,7
-2,64,0,29.21,10,9
-5,47,0,29.32,9,7
-3,60,0,29.99,10,0
-4,66,0,29.15,8,3
0,53,0,29.98,10,6
-7,36,0.01,29.31,10,18
-6,40,0,29.12,10,8
-6,41,0.06,29.21,2,20
0,66,0,29.14,10,3
-2,77,0,30.07,10,8
-12,65,0,30.2,3,3
-12,47,0,28.95,7,9
-1,52,0,24.7,10,3
74,38,0,29.13,4,8
-1,53,0.01,29.16,2.5,9
-12,71,0,28.96,7,21
-6,73,0,30.19,10,3
-5,52,0,29.94,10,3
-5,44,0,28.71,10,11
-8,45,0.04,29.93,10,8
0,52,0,28.52,7,7
-7,58,0,29.99,10,8
-2,66,0,28.69,10,3
-4,54,0,29.23,10,0
-3,60,0,29.99,10,0
1,36,0,28.34,10,5
-2,65,0,30.2,3,3
-7,51,0,30.01,9,6
-5,60,0,29.96,10,0
-2,60,0,28.87,10,5
-4,53,0.01,29.16,2.5,9
-10,50,0,30.43,10,3
-9,50,0,30.43,10,3
21,67,0,29.12,10,5
-1,56,0,30.03,10,0
2,53,0.03,29.16,6,3
-1,70,0,30.24,7,3
-10,45,0.07,29.26,10,9
-6,46,0,29.58,10,8
-6,69,0.02,29.71,10,9
-7,61,0,27.7,10,23
-12,53,0,28.84,0.25,5
-7,70,0,30.12,10,7
-4,62,0,30.01,10,6
-2,64,0.15,29.74,10,13
-6,44,0.14,29.93,3,8
-3,74,0,30.09,10,10
-7,51,0,30.45,10,7
-3,40,0,29.12,10,8
-4,53,0,30.41,10,7
-3,60,0,30.28,10,11
-6,46,0,29.4,10,3
-9,61,0,28.61,9,0
-6,69,0,30.13,8,0
5,61,0.02,29.12,10,13
-10,60,0,28.87,10,5
-3,73,0.04,30.1,4,11
-5,70,0,30.24,7,3
1,74,0,29.25,8,11
10,69,0,30.13,10,6
-6,60,0,29.99,10,0
-3,76,0,29.85,10,13
-4,63,0,30.25,0.25,3
8,60,0,29.99,10,0
-5,70,0,29.76,10,10
0,64,0,29.82,10,3
-11,53,0,30.41,10,7
-9,64,0,29.82,10,3
-4,51,0,30.43,10,8
19,66,0,29.14,10,3
-4,50,0.24,29.11,3,9
-6,56,0,30.03,10,0
-10,51,0,30.43,10,8
-2,49,0,30.01,10,3
-10,52,0,30.41,10,6
-7,69,0,29.06,10,17
618,56,0,30.03,10,13
-7,50,0,29.98,9,7
-1,72,0,30.15,10,8
-4,77,0,30.07,10,8
-1,49,0.02,29.09,6,5
-5,76,0,30.05,10,9
-7,71,0,29.91,0.75,7
9,77,0,29.58,10,14
-1,47,0,29.32,9,7
-5,58,0,30.18,9,11
-1,74,0,29.25,8,11
61,53,0,28.82,0.25,3
-4,62,0,30.01,10,6
-2,51,0,30.43,10,8
-5,31,0.02,29.81,10,9
1,53,0.03,29.16,6,3
-5,36,0,24.44,10,7
-6,62,0,30.01,10,6
-5,61,0,27.7,10,23
-2,40,0,27.52,10,10
-2,77,0,30.07,10,8
-6,67,0,29.48,3,8
-4,58,0,30.18,9,11
0,72,0,29.53,10,10
-7,52,0,24.7,10,3
-7,53,0,29.98,10,6
-1,54,0,29.23,10,0
-7,48,0,29.59,10,10
65,65,0,29.19,10,8
3,53,0,30,10,6
-2,36,0,24.44,10,7
-6,46,0,29.58,10,8
-4,56,0,28.85,7,3
1,66,0,29.15,8,3
-6,52,0,30.41,10,6
-10,73,0,29.93,10,17
-7,60,0,29.22,10,14
-9,51,0,30.44,10,5
0,67,0,29.34,9,7
-2,53,0.01,29.16,2.5,9
-4,67,0,29.34,9,7
5,43,0,29.1,0.25,7
-6,57,0,30.19,9,11
-3,55,0,29.96,10,6
-2,53,0,29.67,9,3
-5,70,0,29.58,10,9
-5,72,0,29.49,10,9
-3,69,0.03,30.29,10,0
-5,60,0,29.22,10,14
-6,71,0,28.66,10,9
-1,68,0,30.1,10,6
-5,73,0,30.19,10,3
-8,69,0,29.49,7,8
-4,47,0,29.32,9,7
-7,47,0,29.32,9,7
2,44,0,29.99,10,5
-6,60,0,30.28,10,11
-5,51,0,30.43,10,8
-10,40,0,29.12,10,8
12,61,0,29.67,9,0
-9,75,0,29.03,8,13
1,72,0,30.1,10,9
-9,60,0,30.28,10,11
-9,60,0,30.28,10,11
62,48,0,29.28,9,8
-6,74,0,29.25,8,11
-2,76,0,30.11,10,11
-2,72,0,29.49,10,9
-2,49,0.02,29.09,6,5
-5,52,0,30.41,10,6
-4,54,0,30.37,10,11
-8,58,0,29.99,10,8
3,77,0,29.37,7,9
-10,37,0,28.22,10,7
16,65,0,29.19,10,8
-4,64,0,30.1,2,3
-5,40,0,29.12,10,8
-10,42,0,28.49,10,9
24,67,0,29.49,10,7
21,51,0,30.44,10,5
-5,51,0,30.43,10,8
-7,53,0,28.86,0.25,5
-5,40,0,29.12,10,8
-10,66,0,29.08,10,9
-8,51,0,30.44,10,5
-7,67,0,30.22,7,0
-5,67,0,29.84,10,7
-5,57,0,29.66,10,3
-8,75,0,30.04,10,8
-8,54,0,29.23,10,0
-2,36,0,24.44,10,7
-1,39,0,25.79,10,6
3,53,0.01,29.16,2.5,9
6,67,0,28.7,10,6
-7,75,0,30.04,10,8
-6,66,0,29.15,8,3
-2,66,0,30.29,9,0
-8,62,0,30.01,10,6
-5,48,0,29.59,10,10
-15,60,0,30.27,10,11
0,74,0,30.01,7,9
-6,61,0,29.67,9,0
-1,76,0,30.11,10,11
-3,76,0.02,30.08,10,13
-3,61,0.02,29.12,10,13
50,58,0,30.18,9,11
-20,52,0,29.51,10,0
-8,51,0,30.44,10,5
1,51,0,30.44,10,5
0,50,0,30.43,10,3
0,50,0.24,29.11,3,9
-3,44,0,29.47,10,16
-5,71,0,25.99,10,8
-11,38,0,29.7,10,3
-8,40,0,27.52,10,10
0,67,0,28.7,10,6
-5,58,0,30.18,9,11
-6,64,0,30.19,5,0
-5,60,0,30.27,10,11
-6,66,0,29.14,10,3
-4,58,0,29.98,10,8
-2,36,0,25.63,10,5
2,75,0,29.89,8,10
64,51,0,30.45,10,7
-6,58,0,30.18,9,11
-2,54,0,30.37,10,11
-3,50,0,30.43,10,3
-3,61,0,27.7,10,23
-6,67,0,30.05,4,0
-10,61,0,28.02,9,0
68,43,0,29.1,0.25,7
2,58,0,29.65,10,3
-8,55,0,29.99,10,7
-4,69,0,29.06,10,17
-14,77,0,29.26,9,11
-13,58,0,28.54,0.12,3
22,61,0,28.99,10,3
-5,68,0,29.11,10,13
-20,60,0,30.28,10,11
-3,69,0,29.18,7,7
-12,70,0,29.14,10,0
-6,67,0,29.84,10,7
-2,53,0,30.41,10,7
-5,75,0,29.96,8,15
-5,64,0,30.1,2,3
-4,69,0,28.97,10,16
-7,62,0,30.01,10,6
-9,52,0,30.41,10,6
-11,60,0,30.28,10,11
-6,52,0,28.52,7,7
55,67,0,29.84,10,7
-11,78,0,29.79,10,17
0,61,0.05,28.51,10,24
-6,60,0,30.27,10,11
-1,69,0,30.2,9,0
-6,46,0,29.58,10,8
-10,69,0,29.73,10,8
-7,77,0,30.07,10,8
-3,63,0,30.12,0.25,6
-7,47,0,29.32,9,7
-1,74,0,29.25,8,11
-1,72,0,29.49,10,9
-3,75,0,29.03,8,13
-5,64,0.15,29.74,10,13
-2,66,0,29.26,10,5
-4,61,0,29.13,10,0
0,78,0,29.81,7,20
-2,60,0,28.87,10,5
-10,51,0,30.44,10,5
-2,79,0,30.01,10,13
41,67,0,29.84,10,7
23,71,0,29.75,10,16
-7,54,0,30.37,10,11
-6,37,0,25.77,10,8
-7,69,0,28.97,10,16
-6,48,0,30.41,10,0
-9,69,0,29.18,7,7
-5,79,0,29.7,8,16
-3,69,0.04,29.68,9,11
-8,65,0,29.45,10,0
-6,61,0,29.67,9,0
-3,57,0,30.02,10,5
-5,65,0,26.93,1.5,5
-8,50,0,30.01,10,5
-2,38,0,24.45,10,10
0,60,0,29.96,10,0
-5,76,0,29.91,8,11
12,48,0,29.59,10,10
-9,62,0,30.01,10,6
-6,51,0,30.44,10,5
2,60,0,29.96,10,0
-3,53,0.03,29.16,6,3
-8,42,0.03,28.96,6,13
1,38,0,24.45,10,10
-13,57,0,30.02,10,5
40,51,0,30.44,10,5
-7,46,0,28.93,7,3
-1,46,0,30.19,10,0
-1,77,0,29.37,7,9
-7,77,0,29.37,7,9
76,53,0,28.84,0.25,5
-4,47,0,29.32,9,7
2,70,0,29.09,10,22
21,76,0,30.11,10,11
-7,68,0,28.68,10,5
-6,48,0,29.59,10,10
-7,48,0,29.59,10,10
-2,36,0,24.44,10,7
0,69,0,30.2,9,0
-6,40,0,29.12,10,8
12,36,0,24.44,10,7
-5,55,0,29.96,10,6
-6,54,0,29.23,10,0
-5,54,0,29.23,10,0
-5,53,0,30,10,6
-2,69,0,29.18,7,7
5,78,0,29.92,9,11
-2,40,0,29.12,10,8
-3,59,0,29.18,10,7
-6,71,0,30.08,10,6
16,71,0,30.08,10,6
-10,42,0,27.13,10,5
-6,60,0,25.96,10,5
-2,68,0,29.54,10,3
-5,66,0,29.14,10,3
0,49,0,24.68,10,5
18,76,0.02,30.08,10,13
121,67,0,29.48,3,8
-5,51,0,30.44,10,5
-7,66,0,29.59,4,7
-5,71,0,29.91,0.75,7
-3,69,0,30.09,10,6
-3,64,0,30.19,5,0
-4,67,0,29.84,10,7
-4,48,0,29.28,9,8
-5,77,0,30.07,10,8
-9,78,0,30.03,10,7
-5,69,0,29.18,7,7
-1,74,0,29.25,8,11
2,68,0,29.11,10,13
-4,51,0,29.98,10,6
-7,74,0,29.25,8,11
-6,70,0,30.12,10,7
-2,42,0,29.08,0.25,9
-3,52,0,30.41,10,6
-4,53,0,30.42,10,5
-5,46,0,30.24,10,3
-2,46,0,29.32,8,9
-7,51,0,30.43,10,8
-14,60,0,30.28,10,11
-11,53,0,26.21,1,9
-6,77,0,29.37,7,9
-8,47,0.15,29.05,2,18
24,39,0.01,28.94,4,16
-5,61,0.02,29.1,10,16
-8,76,0.02,30.08,10,13
-3,51,0,30.44,10,5
-6,61,0.02,29.12,10,13
-1,73,0,30.19,10,3
-2,72,0,29.73,10,8
-3,68,0,29.11,10,13
-5,55,0,30.32,10,9
-11,54,0,29.23,10,0
-4,69,0,29.49,7,8
-9,49,0,30.39,10,0
-7,76,0,30.11,10,11
-2,58,0,30.04,10,3
8,49,0.02,29.09,6,5
-9,72,0,30.1,10,9
0,69,0,29.18,7,7
0,64,0.15,29.74,10,13
-5,65,0,29.19,10,8
-5,45,0,30.14,10,3
-3,71,0,29.56,10,3
-7,69,0,29.49,7,8
-6,32,0,22.48,1,10
-6,75,0.05,30.09,10,11
-8,69,0,30.2,9,0
-5,53,0,28.84,0.25,5
-4,68,0,29.11,10,13
-4,78,0.06,30.12,10,21
-7,78,0,29.86,10,11
-5,71,0,29.51,10,11
2,46,0,29.58,10,8
303,72,0,29.53,10,10
-12,56,0,30.03,10,0
-6,57,0,30.19,9,11
-7,57,0,29.66,10,3
-7,77,0,30.07,10,8
0,69,0,29.18,7,7
16,74,0,29.39,7,8
-4,49,0.02,29.09,6,5
-8,56,0,30.03,10,13
-7,70,0,29.49,10,8
-2,71,0,30.08,10,6
-5,34,0,27.12,10,3
-4,60,0,29.96,10,0
-9,68,0,29.11,10,13
-4,46,0,29.58,10,8
2,57,0,30.19,9,11
0,74,0,29.39,7,8
-3,72,0,30.16,10,3
-8,55,0,29.96,10,6
-1,67,0,29.84,10,7
22,53,0,30,10,6
3,56,0,30.03,10,0
1,75,0,29.39,8,9
-1,63,0,27.72,10,18
-5,78,0.05,30.09,10,10
-1,67,0,29.84,10,7
-2,69,0,29.49,7,8
29,51,0,30.44,10,5
0,44,0,29.99,10,5
-3,44,0,29.47,10,16
42,48,0,30.41,10,0
0,69,0,30.2,9,0
-3,72,0,29.49,10,9
22,48,0,29.28,9,8
-10,50,0,29.6,10,10
6,74,0,29.25,8,11
-7,46,0,30.24,10,3
-1,64,0,30.19,5,0
-8,69,0,29.49,7,8
-10,63,0,30.25,0.25,3
-5,72,0,30.1,10,9
-3,69,0,29.18,7,7
-9,51,0,30.45,10,7
-5,67,0,29.27,10,8
-4,73,0,29.21,8,13
-14,56,0,29.99,10,0
-9,51,0,30.43,10,8
-12,61,0,27.7,10,23
-1,78,0,29.86,10,11
5,47,0.15,29.05,2,18
-6,66,0,30.29,9,0
-6,70,0,29.14,10,0
-9,51,0,30.43,10,8
43,49,0.02,29.09,6,5
-8,51,0,30.43,10,8
-7,51,0,30.43,10,8
-6,49,0.02,29.09,6,5
-5,41,0,29.12,10,9
-6,61,0,29.67,9,0
-5,59,0,29.66,10,6
-5,68,0,29.11,10,13
-1,72,0,29.18,10,9
-2,51,0,30.43,10,8
-3,66,0,29.15,8,3
-3,40,0,29.12,10,8
-5,68,0,29.11,10,13
-13,51,0,30.44,10,5
-8,39,0,29.13,4,9
-4,72,0,30.16,10,3
-15,46,0,29.58,10,8
-11,65,0,29.6,1,8
-4,66,0,30.29,9,0
-10,53,0,30,10,6
-11,33,0,27.39,1.25,3
32,47,0,29.32,9,7
-1,54,0,30.37,10,11
-3,40,0,29.12,10,8
-4,40,0,29.12,10,8
12,72,0,29.53,10,10
0,71,0,30.08,10,6
-5,74,0,30.24,10,5
-5,56,0,28.85,7,3
-2,39,0,23.81,10,0
-7,51,0,30.43,10,8
-9,69,0,29.49,7,8
-8,69,0,29.49,7,8
-2,72,0,29.18,10,9
-14,36,0.01,28.38,10,6
-4,37,0.01,23.82,0.75,5
-2,63,0,27.72,10,18
0,60,0.07,28.6,6,17
0,74,0,29.75,10,13
-2,50,0,29.6,10,10
-3,61,0,27.7,10,23
0,66,0,29.15,8,3
-5,74,0,29.25,8,11
1,78,0.02,30.1,10,22
-10,39,0,29.15,10,6
-5,57,0,30.18,3,9
10,66,0,28.69,10,3
-7,53,0,29.98,10,6
13,53,0.03,29.16,6,3
7,72,0,29.99,5,8
-4,45,0.01,30.17,8,5
-8,32,0,22.48,1,10
-6,51,0,29.99,10,0
-9,52,0,29.33,9,6
-1,36,0,25.63,10,5
-3,54,0,30.37,10,11
-13,69,0,29.05,10,11
32,72,0,30.1,10,9
11,37,0,25.77,10,8
-1,44,0,29.5,10,16
-5,60,0,29.96,10,0
-5,70,0,29.09,10,22
-4,73,0,30.19,10,3
-8,51,0,29.99,10,0
-12,77,0,30.08,10,9
20,69,0,29.49,7,8
-9,60,0,28.87,10,5
0,72,0,30.1,10,9
-8,50,0.24,29.11,3,9
-11,60,0,30.28,10,11
-3,53,0.01,29.16,2.5,9
-5,58,0,30.18,9,11
10,73,0,29.23,8,11
-2,75,0,29.39,8,9
-6,44,0,29.99,10,5
-10,55,0.06,26.18,0,6
-1,63,0,30.12,0.25,6
-7,75,0,30.04,10,8
-7,50,0,29.6,10,10
-7,51,0,30.43,10,8
-1,45,0,30.39,10,3
0,59,0,28.6,10,14
0,63,0,29.2,10,6
-13,47,0,29.32,9,7
-12,75,0,29.15,10,7
-2,56,0,28.85,7,3
59,65,0,29.19,10,8
-8,67,0,29.49,10,7
-9,57,0,28.53,0.25,5
-4,71,0,29.56,10,3
-10,75,0.16,30.07,10,13
-1,45,0,28.88,10,5
0,69,0,29.49,7,8
-7,69,0,28.97,10,16
-5,45,0,30.39,10,3
-7,60,0,29.22,10,14
-5,49,0.02,29.09,6,5
0,74,0,29.25,8,11
-4,51,0,30.45,10,7
-4,76,0,30.18,10,7
14,72,0,29.49,10,9
-3,71,0,29.97,9,3
-6,70,0,28.72,10,6
-2,72,0,29.53,10,10
-1,59,0,29.18,10,7
-5,70,0,29.58,10,9
-3,68,0,29.54,10,3
-2,62,0,29.2,10,8
-5,40,0,27.52,10,10
32,67,0,29.48,3,8
-13,43,0,30.12,10,8
-9,70,0,29.09,10,22
-6,48,0,29.24,1.5,0
-1,53,0,29.11,10,7
22,60,0,28.54,10,14
-15,60,0,29.22,10,14
-4,47,0,29.32,9,7
-7,60,0,28.87,10,5
-2,69,0,30.27,10,6
13,60,0,28.79,7,7
-4,53,0,30.41,10,7
8,70,0,29.14,10,0
-7,69,0,29.73,10,8
-9,60,0,30.27,10,11
-2,74,0,29.99,7,3
-4,51,0,30.42,10,7
-5,56,0,29.67,9,3
-14,56,0,28.77,6,8
-6,65,0,29.19,10,8
-5,74,0,29.25,8,11
9,72,0,30.16,10,6
-4,72,0,30.1,10,9
-8,47,0,29.32,9,7
0,69,0,29.49,7,8
-3,55,0,26.56,10,7
-9,51,0,30.44,10,5
-6,52,0,30.41,10,6
-5,62,0.01,29.21,10,8
-9,50,0,30.43,10,3
-4,69,0,29.04,10,0
2,53,0,28.84,0.25,5
-5,71,0,29.84,10,9
75,46,0,29.58,10,8
-7,69,0,29.18,7,7
-2,46,0,29.58,10,8
-7,39,0,30.08,10,6
-10,64,0,25.98,10,5
-2,53,0,28.84,0.25,5
-4,58,0,29.23,10,0
-4,77,0,29.39,7,16
11,72,0,30.1,10,9
3,53,0,28.86,0.25,5
-12,46,0,29.58,10,8
-1,56,0,30.03,10,0
-9,50,0,30.43,10,3
-7,51,0,30.01,9,6
-4,54,0,30.4,10,7
0,36,0,24.44,10,7
-7,68,0,30.22,1,3
0,64,0,29.21,10,9
5,57,0,30.19,9,11
-13,47,0,27.52,10,7
8,55,0,30.38,10,9
-3,53,0.01,29.16,2.5,9
6,53,0,29.98,10,6
-2,71,0,30.08,10,6
-5,53,0,30,10,6
-6,60,0,27.68,10,15
-3,47,0,27.52,10,7
-7,78,0,29.92,9,11
-2,38,0,24.45,10,10
-1,46,0,29.58,10,8
-2,63,0,27.72,10,18
2,74,0,29.48,10,15
-2,60,0,27.68,10,15
-2,77,0,30.08,10,9
-1,62,0,30.01,10,6
95,53,0,30.41,10,7
-4,56,0,30.34,10,11
-3,66,0,29.15,8,3
-2,53,0.03,29.16,6,3
3,47,0,29.96,10,6
-1,72,0,29.49,10,9
-5,62,0,30.01,10,6
-8,60,0,28.87,10,5
-8,78,0,29.86,10,11
-10,68,0,30.22,1,3
-5,50,0,30.43,10,3
82,50,0,30.43,10,3
-3,72,0,29.49,10,9
-5,66,0,29.15,8,3
-5,74,0,29.48,10,15
-8,52,0,29.33,9,6
-4,75,0,29,9,14
0,69,0,29.18,7,7
-4,50,0.24,29.11,3,9
-7,50,0,30.01,10,5
-8,53,0,26.2,0.25,10
-4,74,0,30.22,10,3
29,51,0,29.25,9,7
-4,65,0,29.19,10,8
319,53,0,29.67,9,3
21,75,0,30.04,10,8
-8,61,0,29.67,9,0
0,66,0,29.15,8,3
3,67,0,29.48,3,8
-7,53,0,28.84,0.25,5
-7,39,0,25.79,10,6
9,72,0,30.16,10,3
-1,51,0,29.04,3,8
-3,50,0.24,29.11,3,9
-6,45,0.04,29.93,10,8
-4,60,0,29.68,10,6
-20,36,0.03,28.59,10,6
-7,65,0,29.19,10,8
-5,51,0,29.25,9,7
5,53,0,30.18,10,9
-3,53,0,30.41,10,7
-2,74,0,30.09,10,3
0,55,0,30.38,10,9
-2,57,0.01,28.97,4,11
-5,51,0,29.99,10,0
0,60,0,25.96,10,5
-4,69,0,29.18,7,7
-7,51,0,30.44,10,5
-11,52,0,30.43,10,9
405,61,0.05,28.51,10,24
0,69,0,29.49,7,8
-4,39,0,29.1,10,9
-8,78,0,29.86,10,11
-5,49,0.02,29.09,6,5
-4,46,0,28.93,7,3
30,51,0,30.45,10,7
-5,76,0,29.26,9,13
-7,50,0.24,29.11,3,9
-2,47,0,27.52,10,7
-7,60,0.07,28.6,6,17
5,73,0,29.93,6,8
0,36,0,24.44,10,7
-8,50,0,30.43,10,3
-4,71,0,29.93,5,8
17,51,0,30.43,10,8
-9,69,0,29.49,7,8
-3,38,0,24.45,10,10
-3,60,0,28.87,10,5
22,72,0,30.16,10,3
-2,58,0,30.04,10,3
1,73,0,30.19,10,3
-2,76,0,29.35,6,7
-4,60,0,30.28,10,11
-8,66,0,29.15,8,3
10,47,0,29.32,9,7
-1,46,0,30.09,10,5
-4,58,0,30.18,9,11
0,76,0,29.85,10,13
1,72,0,30.1,10,9
21,49,0.16,28.98,6,13
-2,63,0,29.99,10,3
147,38,0,26.43,10,3
-11,65,0,28.03,10,3
-7,71,0,29.71,10,9
-6,46,0,29.58,10,8
-5,50,0,29.6,10,10
-2,70,0,30.12,10,7
-14,60,0,27.68,10,15
-3,65,0,29.42,10,10
0,61,0,27.7,10,23
-2,68,0,29.11,10,13
-2,51,0,30.44,10,5
-4,74,0,29.39,7,8
-3,49,0.02,29.09,6,5
-5,55,0,29.96,10,6
-10,66,0,28.69,10,3
23,39,0.01,28.93,4,16
2,77,0.06,30.11,10,14
-5,75,0,29.03,8,13
-5,78,0,29.86,10,11
-5,70,0,30.24,7,3
-6,51,0,30.01,9,6
-7,74,0,30.11,10,8
-5,70,0,28.72,10,6
4,60,0,30.27,10,8
-9,34,0,25.3,10,0
-4,48,0,29.59,10,10
0,67,0,30.05,4,0
-7,40,0,29.12,10,8
-9,39,0,25.79,10,6
-4,52,0,29.94,10,3
-1,69,0,29.18,7,7
-6,57,0,29.03,10,5
1,66,0,29.15,8,3
-6,47,0,29.32,9,7
3,37,0,24.48,0.25,14
-8,50,0,29.6,10,10
0,73,0,30.19,10,3
23,48,0,30.41,10,0
-8,47,0,30.27,10,3
-11,56,0,30.03,10,0
-3,53,0.01,29.16,2.5,9
-5,51,0,30.43,10,8
-6,72,0,30.02,10,6
-8,74,0,30.24,10,5
-7,49,0.02,29.09,6,5
-6,78,0,29.86,10,11
24,74,0,29.25,8,11
0,68,0,30.1,10,6
0,65,0,29.19,10,8
-1,50,0,30.43,10,3
-1,76,0,29.32,8,10
-1,51,0,29.25,9,7
-9,53,0,30.42,10,5
-4,57,0,29.03,10,5
-8,52,0,30.41,10,6
-4,73,0.04,30.1,4,11
-6,51,0,30.43,10,8
43,76,0,29.82,10,11
-4,49,0.02,29.09,6,5
-5,69,0,29.49,7,8
-5,69,0,30.27,10,6
12,51,0,29.04,3,8
-9,70,0,29.09,10,22
-2,69,0,29.05,10,11
-6,42,0,30.11,10,6
-11,76,0.02,30.08,10,13
-7,69,0,29.49,7,8
-8,57,0,29.66,10,3
-8,69,0,29.49,7,8
-10,56,0,30.03,10,0
-4,44,0,29.99,10,5
8,65,0,29.19,10,8
-3,58,0,30.18,9,11
-8,62,0.01,29.21,10,8
57,54,0,30.37,10,11
4,74,0,29.25,8,11
-8,60,0,29.68,10,6
135,59,0,28.6,10,10
-9,44,0,30.19,10,0
6,70,0,29.09,10,22
-7,47,0,30.27,10,3
-15,48,0,29.83,10,0
-2,69,0,29.18,7,7
-6,69,0,29.18,7,7
-3,47,0,29.32,9,7
-9,75,0,30.04,10,8
-4,75,0,30.04,10,8
4,54,0,30.37,10,11
-4,76,0.02,30.08,10,13
-1,48,0,29.28,9,8
-3,69,0.02,29.71,10,9
-6,71,0,30.08,10,6
-5,64,0.15,29.74,10,13
-10,45,0.01,29.43,10,16
-2,60,0,30.28,10,11
-9,52,0,30.41,10,6
-2,69,0,29.18,7,7
-8,42,0.03,28.96,6,13
-11,69,0,28.97,10,16
-7,78,0,29.86,10,11
-4,60,0,29.68,10,6
0,69,0,29.88,10,9
-2,75,0,30.26,10,3
-4,67,0,29.84,10,7
-4,39,0,28.67,10,0
-4,47,0.15,29.05,2,18
-11,48,0,29.28,9,8
257,50,0.24,29.11,3,9
-9,50,0,29.6,10,10
-2,46,0,28.89,10,15
-5,50,0,29.72,10,3
-2,42,0,27.13,10,5
-13,72,0,29.85,10,5
37,53,0,29.11,10,7
-13,51,0,30.43,10,8
-5,74,0,29.25,8,11
-11,41,0.06,29.2,2,17
28,69,0,29.18,7,7
-3,75,0.05,30.09,10,11
-3,37,0,24.48,0.25,14
-2,60,0,30.27,10,11
0,75,0,30.04,10,8
-8,55,0,30.38,10,9
-3,78,0,29.86,10,11
-6,60,0,25.96,10,5
-2,63,0,27.72,10,18
-8,46,0,30.24,10,3
5,73,0,30.19,10,3
-7,72,0,30.1,10,9
-8,73,0,30.27,10,6
-5,57,0,30.19,9,11
-6,47,0,29.32,9,7
-5,58,0,29.99,10,5
-1,72,0,30.16,10,3
-3,53,0,30.41,10,7
-11,46,0,29.32,8,9
-4,49,0,24.68,10,5
-9,75,0,30.04,10,8
-2,46,0.01,29.93,5,10
17,66,0,29.15,8,3
-6,69,0,29.49,7,8
-9,66,0,29.13,10,0
-8,44,0,30.19,10,0
12,75,0,29.39,8,9
-3,47,0,29.32,9,7
-10,59,0,28.6,10,14
-4,76,0,29.84,10,10
-8,73,0,30.19,10,3
-4,50,0.24,29.11,3,9
-3,73,0,30.19,10,3
-6,77,0,30.08,10,9
-7,42,0.03,28.96,6,13
-3,53,0.03,29.16,6,3
0,74,0,29.25,8,11
-1,78,0,29.86,10,11
-3,43,0,29.12,0.25,6
-8,78,0,29.86,10,11
-4,60,0,29.68,10,6
0,74,0,29.39,7,8
6,62,0.01,29.21,10,8
-3,53,0,30.42,10,5
-5,57,0,29.66,10,3
0,53,0,28.84,0.25,5
0,72,0,29.53,10,10
-6,50,0.24,29.11,3,9
-2,58,0,29.23,10,0
-12,55,0,29.99,10,10
-11,69,0,29.49,7,8
0,62,0.01,29.21,10,8
-11,60,0,29.22,10,14
39,72,0,30.1,10,9
-6,66,0,29.26,10,5
3,58,0,30.18,9,11
-6,51,0,30.01,9,6
-7,65,0,29.42,10,10
51,73,0,29.53,10,13
-6,47,0,30,10,0
-11,71,0,29.56,10,3
-7,74,0,29.25,8,11
-1,79,0,30.09,10,10
-6,78,0,29.86,10,11
-3,72,0,30.1,10,9
0,63,0,29.97,10,0
-2,74,0,29.48,10,15
-2,69,0,29.18,7,7
0,76,0.02,30.08,10,13
-8,53,0,29.33,9,5
-1,75,0.05,30.09,10,11
-3,43,0,29.1,0.25,7
-5,45,0,29.62,10,6
-3,75,0,29.03,8,13
-1,50,0.24,29.11,3,9
-10,69,0,29.49,7,8
0,53,0,30,10,6
-4,66,0,28.69,10,3
49,37,0,24.48,0.25,14
-6,42,0,30.38,10,3
-8,68,0,29.11,10,13
-6,76,0.02,30.08,10,13
-2,60,0,30.27,10,8
360,72,0,30.32,10,6
-12,68,0,29.44,10,9
-10,59,0,30.27,10,10
-4,60,0,29.22,10,14
-5,49,0.02,29.09,6,5
-1,51,0,30.45,10,0
0,48,0,29.24,1.5,0
-6,76,0,30.18,10,7
29,45,0,30.15,10,6
-3,62,0.01,29.21,10,8
-7,55,0,30.38,10,9
-4,47,0,30.39,10,3
-2,76,0,29.35,6,7
-4,72,0,29.49,10,9
-1,63,0,29.17,9,8
-7,46,0,30.19,10,0
-7,53,0,29.11,10,7
-10,75,0,30.01,10,6
-6,69,0,29.49,7,8
-7,51,0,30.44,10,5
-5,69,0,29.49,7,8
-5,66,0,29.15,8,3
-1,69,0,29.18,7,7
-4,50,0,29.98,9,7
-15,69,0,29.49,7,8
-7,47,0,29.32,9,7
-9,69,0,29.49,7,8
-6,69,0,30.2,9,0
-3,69,0,29.18,7,7
-8,70,0,30.24,7,3
3,64,0,29.82,10,3
139,47,0,29.68,10,14
-8,71,0,29.84,10,9
-2,69,0,29.49,7,8
0,46,0,29.58,10,8
-11,74,0,29.25,8,11
-8,70,0,29.1,10,15
-2,71,0,30.08,10,6
-4,60,0,30.27,10,8
-7,69,0,29.49,7,8
5,42,0,30.11,10,6
-4,67,0,29.34,9,7
739,55,0,29.99,10,10
-7,70,0,28.72,10,6
-8,53,0,30.41,10,7
-5,61,0,28.02,9,0
-14,67,0,29.84,10,7
-4,53,0,30.41,10,7
-7,37,0.01,23.81,0.12,6
-7,70,0,30.24,7,3
-1,50,0,30.43,10,3
-1,28.5,0,26.78,10,0
-5,67,0,29.48,3,8
-3,43,0,29.1,0.25,8
0,53,0,29.11,10,7
-2,54,0.02,29.16,5,8
-7,76,0.05,30.07,10,13
-9,47,0,30.39,10,3
-2,75,0.05,30.09,10,11
-8,72,0,30.1,10,9
-2,69,0,29.18,7,7
0,57,0,29.66,10,3
-7,77,0,29.37,7,9
-1,70,0,29.09,10,22
-5,67,0,29.84,10,7
-4,51,0,29.22,9,6
-10,47,0,30,10,0
-10,46,0,28.91,10,13
-9,51,0,30.43,10,8
-4,73,0,30.27,10,6
-5,68,0,29.11,10,13
-3,62,0.01,29.21,10,8
-5,73,0.04,30.1,4,11
-2,67,0,29.84,10,7
-2,70,0,29.09,10,22
-1,42,0,27.13,10,5
51,69,0,29.49,7,8
-2,53,0,28.82,0.25,3
-8,70,0,29.09,10,22
-8,78,0,29.86,10,11
-5,53,0,29.98,10,6
19,78,0,29.92,9,11
-5,53,0.01,29.16,2.5,9
-9,34,0,26.87,10,3
-6,64,0,30.12,0.25,3
-5,70,0,29.14,10,0
-3,49,0.02,29.02,4,15
-6,47,0,29.32,9,7
-9,69,0,30.2,9,0
-13,56,0,27.3,10,0
-6,38,0,29.7,10,3
-3,63,0,29.97,10,0
6,67,0,29.84,10,7
-6,51,0,30.43,10,8
-7,65,0,29.23,10,8
-1,76,0.05,30.07,10,13
-3,60,0,29.22,10,14
-3,65,0,29.19,10,8
-3,69,0,29.49,7,8
-8,67,0,29.84,10,7
-4,38,0,24.45,10,10
-11,58,0,30.04,10,3
-3,69,0,29.49,7,8
-5,58,0,29.99,10,5
-16,48,0,29.64,10,0
-5,53,0,29.98,10,6
-4,72,0,29.53,10,10
-4,44,0,29.99,10,5
-5,51,0,30.43,10,8
-7,51,0,30.43,10,8
2,69,0,29.18,7,7
-1,68,0,29.11,10,13
-3,58,0,30.04,10,3
-2,50,0.24,29.11,3,9
-1,39,0,25.79,10,6
-9,69,0,29.49,7,8
11,49,0.02,29.09,6,5
-12,44,0,29.5,10,16
-2,51,0,30.44,10,5
-4,69,0,29.04,10,0
-8,70,0,30.24,7,3
-5,69,0,29.49,7,8
0,53,0,30.41,10,7
-6,75,0,29.04,9,10
-2,37,0,24.48,0.25,14
-8,75,0,29.15,10,7
-8,60,0,30.27,10,8
-3,77,0,30.13,10,11
-10,74,0,29.1,10,16
-2,72,0,30.1,10,9
-6,54,0,30.4,10,7
3,67,0,28.7,10,6
44,60,0,30.27,10,11
-15,60,0,30.27,10,8
-5,71,0,29.84,10,9
-2,78,0,29.86,10,11
-1,48,0,29.28,9,8
-6,60,0,30.28,10,11
4,36,0,24.44,10,7
56,50,0.24,29.11,3,9
-1,36,0,24.44,10,7
-5,46,0,28.89,10,15
-4,69,0,29.18,7,7
-6,74,0,30.29,10,0
-6,71,0,29.19,10,14
-8,58,0,30.04,10,3
-6,74,0,29.48,10,15
-1,66,0,29.15,8,3
-2,73,0,30.19,10,3
-3,60,0,29.68,10,6
-4,62,0,30.01,10,6
-3,77,0.06,30.11,10,14
-5,70,0,28.72,10,6
41,78,0.02,30.1,10,22
-5,69,0,29.49,7,8
-3,67,0,29.27,10,8
-5,60,0,30.27,10,8
-7,74,0,29.48,10,15
-2,69,0,30.27,10,6
-6,71,0,30.08,10,6
-6,64,0.15,29.74,10,13
-7,55,0,30.32,10,9
-11,78,0,29.86,10,11
-11,60,0,28.87,10,5
-9,56,0,30.38,10,11
-9,75,0,29.89,8,10
-6,57,0,30.19,9,11
-3,50,0.24,29.11,3,9
-6,39,0.01,28.93,4,15
-1,67,0,28.7,10,6
-8,66,0,28.69,10,3
-5,40,0,29.12,10,8
-1,69,0,29.49,7,8
-5,47,0,29.32,9,7
-7,69,0,29.49,7,8
0,51,0,30.44,10,5
-3,47,0,29.32,9,7
-3,58,0,29.97,10,5
-6,71,0,29.51,10,11
18,48,0,29.28,9,8
-4,44,0,28.95,8,7
-2,51,0,30.43,10,8
28,72,0,30.1,10,9
-2,72,0,29.18,10,9
-20,39,0,25.79,10,6
0,44,0,28.95,8,7
5,63,0,27.72,10,18
0,72,0,30.1,10,9
0,67,0,29.84,10,7
-5,40,0,29.12,10,8
1,71,0.16,30.05,10,7
-7,55,0,29.96,10,6
-9,57,0,28.52,0.25,7
282,52,0,28.5,8,8
-7,48,0,29.59,10,10
-9,69,0,28.62,10,0
-4,65,0,29.19,10,8
-6,45,0,27.13,10,5
-6,69,0,29.73,10,8
-2,31,0.05,26.74,0.75,5
-8,41,0,29.12,10,9
-8,45,0,28.88,10,5
4,77,0,29.39,7,16
-4,41,0,29.12,10,9
-2,69,0,30.2,9,0
0,78,0,29.86,10,11
-4,47,0,29.32,9,7
-11,73,0,30.27,10,6
54,50,0.24,29.11,3,9
-6,45,0.01,29.43,10,16
-4,60,0,30.27,10,8
-3,73,0,29.23,8,11
-15,60,0,26.18,10,6
-3,40,0,25.63,10,0
-5,50,0,29.6,10,10
0,77,0,30.19,10,7
-3,76,0,29.84,10,10
-5,40,0,25.63,10,0
-4,73,0.04,30.1,4,11
-9,58,0,29.99,10,8
-7,55,0,26.23,10,6
20,69,0,29.49,7,8
-10,64,0,28.87,10,7
-2,76,0,29.35,6,7
-2,69,0,29.18,7,7
-8,68,0,29.11,10,13
-5,57,0,30.18,3,9
-9,53,0,30.41,10,7
-1,74,0,29,9,11
-6,70,0,28.72,10,6
-4,73,0,29.23,8,11
-3,67,0,28.7,10,6
37,69,0,29.18,7,7
-4,54,0,30.4,10,7
15,67,0,29.84,10,7
-18,63,0.02,29.59,10,7
-5,75,0.01,30.04,10,8
0,49,0.02,29.09,6,5
8,75,0.05,30.09,10,11
-8,73,0,30.19,10,3
-9,69,0,29.18,7,7
-9,44,0.14,29.93,3,8
1,75,0.05,30.09,10,11
205,54,0.02,28.99,4,3
26,60,0,30.27,10,8
2,82,0,30,10,21
1,55,0,30.38,10,9
-5,41,0.06,29.21,2,20
-9,64,0,30.12,0.25,3
-2,68,0,30.22,1,3
-5,52,0,30.43,10,9
-9,37,0,24.48,0.25,14
-4,74,0,29.25,8,11
141,72,0,30.1,10,9
-8,70,0,28.72,10,6
-8,50,0,30.01,10,5
-3,49,0.02,29.09,6,5
3,74,0,29.25,8,11
-7,51,0,30.45,10,7
22,50,0.24,29.11,3,9
-4,51,0,30.43,10,8
0,78,0,29.92,9,11
2,36,0,24.44,10,7
-9,70,0,29.34,10,11
-6,58,0,29.23,10,0
-3,57,0,30.02,10,5
14,69,0,29.18,7,7
-7,55,0,30.38,10,9
5,52,0,30.41,10,8
-4,57,0,30.19,9,11
-3,53,0,30,10,6
-6,53,0,30.42,10,5
-8,78,0,29.92,9,11
-5,77,0,30.12,10,10
-3,78,0,29.92,9,11
0,73,0,30.19,10,3
-5,58,0,29.97,10,5
67,46,0,29.58,10,8
24,50,0.24,29.11,3,9
-4,52,0,30.41,10,6
-4,69,0,30.27,10,6
-4,70,0,30.12,10,7
-4,53,0,29.33,9,5
-3,58,0,29.23,10,0
-4,43,0,29.12,0.25,6
-4,62,0,30.01,10,6
-1,70,0,28.72,10,6
-4,75,0,29.39,8,9
0,74,0,29.25,8,11
-12,50,0,30.04,10,11
4,69,0,29.18,7,7
-9,52,0,30.43,10,9
365,34,0.04,28.78,1.25,14
0,62,0.01,29.21,10,8
-8,73,,29.84,10,7
-7,74,0,29.39,7,8
-15,70,0,26.57,10,8
-3,64,0,28.87,10,7
-6,63,0,29.97,10,0
-7,58,0,30.04,10,3
-6,69,0,29.04,10,0
8,75,0,29.39,8,9
-8,74,0,30.24,10,5
0,44,0,25.8,10,3
-6,52,0,30.41,10,6
-7,48,0,29.28,9,8
424,51,0,29.25,9,7
-3,51,0,29.98,10,6
-7,50,0,30.36,10,6
28,68,0,29.54,10,3
-8,51,0,29.25,9,7
-6,67,0,27.32,10,7
-2,69,0,29.18,7,7
-9,67,0,29.34,9,7
55,52,0,30.43,10,9
-9,69,0,29.18,7,7
-4,72,0,30.1,10,9
-2,46,0,28.89,10,15
-9,51,0,29.04,3,8
2,72,0,30.1,10,9
-7,58,0,29.65,10,3
-8,69,0,30.2,9,0
-6,50,0,30.01,10,5
-2,49,0.02,29.09,6,5
-4,71,0,29.84,10,9
-3,69,0,29.18,7,7
-11,45,0,28.92,10,3
-5,73,0,30.19,10,3
-12,70,0,30.14,10,9
9,60,0,30.27,10,8
-5,48,0,29.22,1.5,7
8,70,0,29.09,10,22
-8,69,0,29.49,7,8
-6,69,0,29.49,7,8
-5,38,0,29.23,10,6
0,49,0.02,29.09,6,5
-5,42,0.05,28.96,1,8
-3,69,0.02,29.71,10,9
-2,52,0,30.41,10,6
-4,76,0,30.12,10,11
-6,52,0,30.41,10,8
-7,74,0,26,10,13
-4,56,0,30.38,10,11
-5,63,0,28.78,10,9
14,69,0,29.18,7,7
21,67,0,28.7,10,6
40,49,0.01,28.96,4,11
291,70,0,29.1,10,16
-3,75,0,29.03,8,13
-4,55,0,30.38,10,9
-2,57,0,30.19,9,11
14,57,0,30.19,9,11
1,37,0,24.48,0.25,14
-2,52,0,29.94,10,3
-2,66,0,29.47,10,3
-7,42,0,27.13,10,5
1,53,0,28.84,0.25,5
-9,67,0,29.49,10,7
2,75,0,29.39,8,9
-2,77,0,30.05,10,11
-13,50,0.24,29.11,3,9
0,25,0,26.11,10,0
-13,74,0,29.1,10,16
-10,75,0,28.96,7,21
-5,75,0,29.89,8,10
-5,66,0,29.15,8,3
5,75,0,29.39,8,9
0,58,0,30.04,10,3
-15,53,0,30.41,10,7
-5,49,0,30.35,5,0
5,75,0.01,30.04,10,8
-3,70,0,29.1,10,16
-9,48,0,29.59,10,10
73,69,0,29.49,7,8
33,73,0,29.2,10,16
-2,58,0,29.97,10,5
34,36,0,24.44,10,7
6,71,0,29.56,10,3
-6,54,0.02,29.16,5,8
-4,63,0,29.99,10,3
-3,52,0,30.41,10,8
13,53,0.01,29.16,2.5,9
-5,50,0,30.43,10,3
1,53,0.03,29.16,6,3
-4,69,0,29.18,7,7
-4,57,0,28.53,0.25,5
-3,78,0,29.86,10,11
-9,75,0,30.04,10,8
-2,56,0,30.38,10,11
-7,70,0,29.09,10,22
-10,43,0,29.1,0.25,7
1,50,0.17,29.04,3,9
-9,71,0,29.84,10,9
-5,53,0,30.41,10,7
-4,70,0,28.72,10,6
101,39,0.01,28.94,4,16
-6,52,0,30.43,10,9
-7,60,0,30.28,10,11
20,64,0.15,29.74,10,13
-6,58,0,29.98,10,9
-3,50,0,30.43,10,3
-3,69,0,29.18,7,7
-1,50,0,30.43,10,3
-8,70,0,28.72,10,6
-8,55,0,30.38,10,9
-9,53,0,30.42,10,5
9,57,0,28.53,0.25,5
-6,42,0,25.14,10,0
-6,69,0,30.15,10,7
-6,51,0,30.45,10,0
-10,39,0,29.13,4,9
-3,78,0,29.86,10,11
-9,67,0,29.49,10,7
-14,57,0,30.18,3,9
-6,77,0,30.08,10,9
-2,49,0.02,29.09,6,5
-4,69,0,29.18,7,7
-10,51,0,30.45,10,0
-6,75,0,29.15,10,7
77,50,0.24,29.11,3,9
5,67,0,28.7,10,6
-1,72,0.01,29.94,5,17
-8,48,0,29.28,9,8
-16,51,0,30.45,10,0
7,48,0,29.28,9,8
-4,60,0,30.27,10,8
-7,43,0,29.12,0.25,6
-10,70,0,29.34,10,11
-5,60,0,30.27,10,8
-7,53,0,28.8,0.25,3
-5,65,0,29.23,10,8
-3,51,0,30.45,10,7
-2,66,0,29.15,8,3
29,73,0.04,30.1,4,11
-5,72,0,29.18,10,9
-2,69,0,29.18,7,7
-2,67,0,29.84,10,7
0,74,0,29,9,11
-3,42,0.05,28.96,1,8
-1,62,0,29.99,10,3
-7,81,0,29.96,10,15
-9,28,0,25.56,10,6
4,75,0.05,30.09,10,11
4,54,0,30.37,10,11
-9,78,0,30.03,10,7
102,68,0,29.54,10,3
53,74,0,29.39,7,8
100,58,0.01,29.21,8,14
-5,46,0,28.91,10,13
0,72,0,30.02,10,6
-4,72,0,30.1,10,9
67,51,0,29.25,9,7
-5,76,0,29.49,10,13
-8,44,0,25.64,10,0
-11,56,0,30.38,10,11
4,53,0,28.82,0.25,3
0,69,0,29.18,7,7
-2,58,0,29.97,10,5
-4,73,0,29.49,10,10
-6,69,0,28.87,10,7
13,77,0,29.41,8,10
-6,51,0,30.45,10,0
-19,42,0.02,29.91,10,7
-5,74,0,29.48,10,15
14,78,0,29.92,9,11
-7,52,0,30.43,10,9
-5,78,0.02,30.1,10,22
-4,58,0,29.98,10,9
-4,40,0,29.12,10,8
-5,71,0,29.19,10,14
10,73,0,29.53,10,13
-10,67,0,29.27,10,8
-5,73,0,30.27,10,6
3,76,0,29.91,8,11
-4,63,0,27.72,10,18
-4,73,0,29.2,10,16
-6,52,0,30.41,10,8
-2,67,0,30.05,4,0
-11,60,0,29.22,10,14
-2,71,0,29.84,10,9
-4,69,0,29.73,10,8
42,77,0,29.37,7,9
-12,51,0.04,28.94,4,9
105,69,0,29.04,10,24
-5,68,0,30.05,5,0
-8,78,0,29.86,10,11
13,50,0.24,29.11,3,9
214,58,0,29.12,10,9
-2,67,0,28.7,10,6
-2,78,0,29.92,9,11
-9,61,0,24.7,10,14
-1,75,0,29.39,8,9
36,71,0,29.11,10,17
-8,74,0,29.25,8,11
12,77,0,29.41,8,10
-9,64,0,28.87,10,7
-1,53,0,30.42,10,5
-4,69,0,29.49,7,8
-5,75,0,29.39,8,9
9,70,0,30.24,7,3
-9,51,0,29.99,10,0
-6,62,0,29.99,10,3
50,76,0,29.53,10,15
-10,69,0,29.18,7,7
-6,50,0.24,29.11,3,9
1,74,0,29.36,6,10
-1,54,0.01,29.01,7,13
-8,58,0,29.99,10,8
-4,49,0.02,29.09,6,5
-6,73,0,26.96,4,9
1,69,0,29.18,7,7
-1,48,0,29.28,9,8
-9,45,0,30.15,10,6
47,50,0.24,29.11,3,9
1,57,0,28.52,0.25,7
0,69,0,29.18,7,7
-4,73,0,29.5,10,13
0,51,0,30.43,10,8
-3,77,0,29.27,10,14
-7,60,0,30.27,10,8
-10,68,0,30.05,5,0
0,44,0,25.8,10,3
-3,51,0,30.35,10,5
0,67,0,28.7,10,6
-8,75,0.01,30.04,10,8
-11,52,0,30.41,10,8
-8,76,0.02,30.06,7,8
-5,48,0,29.28,9,8
-7,53,0,30.41,10,7
-4,58,0,29.98,10,9
-8,62,0.01,29.21,10,8
-5,51,0,30.45,10,0
-4,72,0,29.18,10,9
-5,53,0,30.42,10,5
3,69,0,29.18,7,7
-1,44,0,25.8,10,3
-8,69,0,29.49,7,8
-2,48,0,29.28,9,8
4,71,0,30.13,10,0
3,75,0.01,30.04,10,8
-5,78,0,29.86,10,11
-5,69,0,29.49,7,8
-15,57,0,29.82,10,5
-6,60,0,30.27,10,8
-6,53,0,28.84,0.25,5
1,78,0,30.04,10,7
-5,67,0,29.27,10,8
21,37,0,24.48,0.25,14
-7,39,0.02,25.08,10,17
-3,63,0,30.12,0.25,6
-10,42,0,30.13,10,7
-1,52,0,30.43,10,9
-3,69,0,29.18,7,7
-1,59,0,29.98,10,8
-5,69,0,29.49,7,8
-4,74,0,29.25,8,11
80,41,0,28.48,10,8
3,76,0,30.11,10,11
-7,69,0,30.27,10,6
-14,75,0,29.15,10,7
2,72,0,29.53,10,10
-7,70,0,28.72,10,6
-7,53,0,29.11,10,7
-6,75,0.16,30.07,10,13
78,69,0,29.49,7,8
-9,71,0,29.56,10,3
-3,52,0,30.41,10,8
-6,46,0,29.32,8,9
-2,69,0,29.18,7,7
-3,34,0,26.43,10,3
-6,36,0,25.75,10,6
-2,70,0,29.1,10,16
-2,31,0,27.1,10,0
-6,58,0,30.04,10,3
-7,37,0.02,28.61,10,13
-3,51,0,30.45,10,7
10,72,0,30.1,10,9
0,57,0,29.66,10,3
-2,74,0,30.11,10,8
-3,71,0,29.11,10,17
1,78,0,30.04,10,7
-5,74,0,29.25,8,11
-6,75,0,29.15,10,7
-3,50,0,29.6,10,10
0,46,0,28.93,7,3
-7,76,0,29.49,10,13
0,69,0,26.95,1,5
-3,58,0,29.99,10,5
-4,81,0,29.92,10,17
-7,69,0,29.49,7,8
-4,70,0,28.72,10,6
-1,43,0,29.12,0.25,6
-2,72,0,29.59,10,11
-3,76,0,29.85,10,13
-6,60,0,29.68,10,6
102,70,0,28.72,10,6
-11,60,0,30.27,10,8
-2,49,0.02,29.09,6,5
27,77,0,29.39,7,16
153,73,0,30.19,10,3
-5,53,0.01,29.16,2.5,9
-1,60,0,29.68,10,6
-10,44,0.15,29.2,1.25,15
-7,70,0,29.1,10,16
-13,54,0,30.4,10,7
-3,69,0,29.18,7,7
85,26,0,26.28,10,7
-10,76,0,29.85,10,13
13,74,0,29.25,8,11
-3,56,0,29.17,10,9
13,41,0,29.12,10,9
39,62,0,30.01,10,6
-4,49,0.02,29.09,6,5
0,52,0,30.43,10,9
0,60,0,29.68,10,6
0,51,0,29.25,9,7
0,63,0,27.72,10,18
-3,58,0,29.23,10,0
-8,55,0,29.96,10,6
-6,64,0,30.12,0.25,3
-9,56,0,30.38,10,11
3,44,0,25.8,10,3
-3,76,0,30.16,10,10
-2,56,0,30.38,10,11
-3,69,0,29.49,7,8
12,51,0,29.25,9,7
-9,50,0,30.43,10,3
-3,37,0,24.48,0.25,14
-11,72,0.01,29.94,5,17
-2,70,0,30.12,10,7
-6,49,0.02,29.09,6,5
-6,37,0,24.48,0.25,14
-4,39,0,25.79,10,6
10,54,0,30.37,10,11
-7,51,0,29.25,9,7
-7,77,0.16,30.08,10,11
-5,69,0,29.18,7,7
48,56,0.02,29.18,5,11
-5,72,0,29.18,10,9
-3,58,0,29.99,10,8
-1,78,0.05,30.09,10,10
-6,44,0,25.8,10,3
-2,47,0.31,29.02,4,14
-3,68,0,29.2,10,10
-8,77,0,30.07,10,8
-2,70,0,29.34,10,11
-5,48,0,29.28,9,8
-2,70,0,29.99,10,5
21,51,0,30.43,10,8
-3,51,0,29.25,9,7
-6,52,0,30.41,10,8
48,53,0,30.42,10,5
-8,47,0,28.95,7,9
-12,60,0,30.27,10,8
0,67,0,29.27,10,8
-4,67,0,29.34,9,7
164,39,0,25.79,10,6
-2,69,0,29.49,7,8
-12,78,0,30.02,9,15
-6,78,0,29.86,10,11
-7,69,0,29.49,7,8
-5,69,0,29.49,7,8
-6,69,0,29.49,7,8
-6,66,,28.93,10,5
0,75,0.1,30.1,7,15
0,76,0,29.84,10,10
-5,69,0,29.18,7,7
-2,40,0,29.12,10,8
-3,51,0,30.43,10,8
-5,52,0,23.75,10,9
-1,57,0,30.19,9,11
-7,53,0,28.82,0.25,3
3,76,0,30.11,10,11
-4,42,0.03,28.96,6,13
7,63,0,27.72,10,18
-7,54,0,30.4,10,7
-8,51,0,30.45,10,0
-9,71,0,29.11,10,17
-10,53,0,30,10,5
-5,44,0,28.04,10,10
0,77,0,30.19,10,7
-4,81,0,29.96,10,15
-1,74,0,29.48,10,15
-4,39,0,25.79,10,6
-2,81,0,29.92,10,17
-6,49,0.02,29.09,6,5
-7,57,0,30.18,3,9
-8,58,0,29.23,10,0
3,76,0,29.49,10,13
8,74,0,30.09,10,3
-5,37,0,24.5,0.25,15
-3,61,0.3,29.82,2,18
-5,58,0,29.99,10,5
-3,56,0,30.34,10,11
15,44,0,25.8,10,3
-6,71,0,29.11,10,17
-1,78,0,29.92,9,11
2,69,0,29.49,7,8
-9,49,0.02,29.09,6,5
3,68,0,29.23,10,9
-8,53,0,30,10,5
0,68,0,29.54,10,3
-10,62,0,30.27,10,9
1,47,0,30,10,0
-11,68,0,30.05,5,0
338,74,0,29.48,10,15
0,70,0,28.72,10,6
-3,79,0,30.09,10,10
-6,60,0,30.28,10,11
-2,69,0,29.18,7,7
-1,49,0.02,29.09,6,5
-6,69,0,29.49,7,8
25,45,0,30.09,10,0
-2,49,0.02,29.09,6,5
7,53,0,28.86,0.25,5
-2,60,0,29.22,10,14
-7,54,0,30.4,10,7
-6,49,0.02,29.09,6,5
-11,46,0.01,29.93,5,10
120,69,0,29.18,7,7
-7,67,0,29.27,10,8
-1,54,0,30.4,10,7
0,50,0,30.43,10,3
-8,51,0,29.99,10,0
1,73,0.04,30.1,4,11
7,77,0,29.41,8,10
-2,77,0,29.39,7,16
-10,61,0.02,29.12,10,13
3,67,0,27.32,10,7
-8,41,0,30.13,10,3
166,61,0.02,28.51,10,3
0,53,0,29.11,10,7
-4,51,0,30.43,10,8
0,69,0,29.18,7,7
-6,55,0,30.38,10,9
-1,53,0,29.11,10,7
2,69,0,29.18,7,7
-5,45,0,30.23,10,9
-10,69,0,29.49,7,8
0,69,0,30.2,9,0
-4,72,0,29.18,10,9
-2,73,0.04,30.1,4,11
-8,56,0,29.13,10,10
0,54,0,30.4,10,7
8,73,0,30.19,10,3
-4,72,0,29.18,10,9
-4,53,0,29.11,10,7
-11,72,0,29.59,10,11
-3,75,0.05,30.09,10,11
-2,37,0,24.48,0.25,14
-4,51,0,30.43,10,8
-1,54,0,30.4,10,7
-8,75,0.01,30.04,10,8
-3,72,0,29.18,10,9
22,50,0,30.39,10,5
-9,71,0,29.11,10,17
-3,44,0,25.8,10,3
20,36,0,24.44,10,7
0,62,0.04,29.53,8,7
-6,71,0,29.84,10,9
116,63,0,28.78,10,9
-11,73,0,30.19,10,3
-6,55,0,30.38,10,9
-8,46,0,30.24,10,3
-10,73,0,30.18,10,7
-4,59,0,29.98,10,8
-7,51,0,29.25,9,7
53,78,0,29.86,10,11
-10,50,0,30.01,10,5
-11,53,0,26.21,1,9
11,42,0,29.13,10,9
-3,56,0,29.13,10,10
-13,59,0,29.98,10,8
-4,69,0,29.18,7,7
-6,46,0,30.24,10,3
-5,72,0,29.18,10,9
-12,61,0.02,29.12,10,13
-3,70,0,29.34,10,11
-2,63,0,29.97,10,0
-4,58,0,29.98,10,9
-7,60,0,29.68,10,6
317,62,0.02,29.11,10,13
2,75,0.05,30.09,10,11
-8,72,0,30.1,10,9
-2,70,0,29.09,10,22
-7,49,0.02,29.09,6,5
-2,78,0,29.92,9,11
-6,48,0,29.28,9,8
17,56,0,30.38,10,11
-4,48,0,29.4,10,18
-8,50,0,30.39,10,5
-8,62,0,30.01,10,6
11,68,0,29.23,10,9
-3,56,0,29.13,10,10
-4,77,0,30.08,10,9
-9,44,0,25.8,10,3
20,78,0,29.86,10,11
-4,81,0,29.92,10,17
10,54,0,30.4,10,7
-6,42,0,27.53,10,8
-3,53,0.01,29.16,2.5,9
-3,69,0,29.49,7,8
3,78,0.02,30.1,10,22
-4,58,0,29.97,10,5
-3,69,0,29.18,7,7
-5,48,0,29.59,10,10
4,50,0,30.43,10,3
11,75,0,29.89,8,10
-4,74,0,29.39,7,8
-6,51,0,30.43,10,8
-5,49,0.02,29.09,6,5
-1,51,0,29.99,10,0
-3,78,0.06,30.12,10,21
-6,51,0,30.45,10,7
-3,73,0,30.19,10,3
-3,57,0,30.02,10,5
-3,36,0,24.44,10,7
25,72,0,30.1,10,9
-3,42,0,28.48,10,8
-4,52,0,24.7,10,3
-5,73,0,29.93,6,8
-3,63,0,29.97,10,0
2,57,0,30.02,10,5
-7,60,0,29.68,10,6
-2,61,0.02,29.12,10,13
-7,51,0,30.44,10,5
-2,75,0.1,30.1,7,15
-5,78,0,30.01,10,10
-3,72,0,29.18,10,9
-1,72,0,29.49,10,9
-5,63,0,30.12,0.25,6
-5,68,0,29.2,10,10
-7,60,0,30.28,10,11
-8,73,0,29.53,10,13
-4,37,0,24.48,0.25,14
11,42,0.05,28.96,1,8
-9,69,0,29.49,7,8
-6,75,0.05,30.09,10,11
-9,76,0,30.11,10,11
32,56,0,29.13,10,10
-7,69,0,29.49,7,8
-5,77,0,29.27,10,14
-5,69,0,29.18,7,7
-2,39,0,25.79,10,6
-5,51,0,29.25,9,7
-4,52,0,30.41,10,8
0,48,0,29.28,9,8
-10,58,0,29.98,10,9
1,68,0,29.2,10,10
0,60,0,30.28,10,11
-8,52,0,30.43,10,9
-9,50,0.02,28.97,1.25,9
-8,72,0,30.1,10,9
-12,59,0,29.98,10,8
15,58,0,29.98,10,9
-7,75,0,29.06,10,14
-4,53,0,30.42,10,5
-6,59,0,29.98,10,8
-6,76,0,29.35,6,7
-1,64,0,29.21,10,9
6,44,0,25.8,10,3
-6,56,0,27.28,10,5
-4,60,0,30.27,10,9
-8,74,0,30.24,10,5
9,68,0,28.68,10,5
-6,60,0,30.27,10,8
-3,51,0,29.25,9,7
-8,57,0,30.02,10,11
-8,47,0,30.27,10,3
-6,62,0.01,29.21,10,8
-3,53,0,28.86,0.25,5
-7,57,0,30.02,10,5
-16,59,0,29.98,10,8
-9,75,0,29.15,10,7
-10,76,0,30.16,10,10
-1,59,0,29.98,10,8
-3,40,0,29.12,10,8
0,48,0,29.28,9,8
13,70,0,29.1,10,15
-7,59,0,30.04,10,5
-5,73,0,29.52,10,9
-7,80,0,30.2,10,10
8,77,0,29.41,8,10
0,48,0,30.41,10,0
-6,69,0.02,29.71,10,9
0,36,0,25.75,10,6
8,52,0,29.6,10,11
-8,51,0,29.25,9,7
-3,44,0,25.8,10,3
1,76,0,29.49,10,13
-9,38,0,29.13,10,8
-7,65,0,29.6,1,8
0,70,0,30.12,10,7
15,72,0,29.18,10,9
-6,53,0,29.11,10,7
-4,74,0,29.48,10,15
-7,49,0.02,29.09,6,5
-16,79,,29.77,15,11
-4,56,0,27.3,10,0
-12,70,0,29.76,10,10
-9,51,0,30.45,10,0
4,57,0,29.66,10,3
-5,44,0,25.8,10,3
-6,69,0,29.18,7,7
-6,70,0,29.1,10,16
-2,56,0,27.3,10,0
-4,44,0,25.8,10,3
9,77,0,29.49,10,17
-13,44,0,25.8,10,3
-10,71,0,29.11,10,17
19,68,0,29.23,10,9
-1,50,0,30.36,10,6
-1,53,0,29.98,10,6
-7,51,0,29.25,9,7
57,63,0,29.2,10,6
-5,74,0,29.48,10,15
-1,75,0,29.39,8,9
8,62,0,29.05,10,3
5,36,0,28.37,10,5
-6,79,0,30.09,10,10
-5,57,0,30.19,9,11
-1,60,0,28.87,10,5
-3,60,0,29.68,10,6
-2,57,0,30.18,3,9
61,47,0,30,10,0
-8,50,0.24,29.11,3,9
-6,78,0,29.86,10,11
-6,60,0,29.22,10,14
0,53,0,29.11,10,7
0,66,0,29.15,8,3
31,48,0,29.59,10,10
-6,75,0,29.11,10,11
5,56,0,30.38,10,11
0,53,0.03,29.16,6,3
44,56,0,29.17,10,9
4,54,0,29.23,10,0
0,66,0,28.69,10,3
-4,52,0,30.43,10,9
-7,56,0,30.38,10,11
-6,45,0,30.09,10,0
0,75,0,29.19,10,11
4,73,0,30.19,10,3
-5,77,0,29.27,10,14
7,56,0,29.13,10,10
35,74,0,29.25,8,11
-6,70,0,29.1,10,16
-4,52,0,30.41,10,8
-8,51,0,30.44,10,5
-1,49,0.02,29.09,6,5
-5,56,0,30.38,10,11
-9,56,0,30.38,10,11
-2,75,0.01,30.04,10,8
1,70,0,29.34,10,11
3,73,0.04,30.1,4,11
0,69,0,29.18,7,7
-5,44,0,25.8,10,3
-9,37,0,24.48,0.25,14
-6,76,0,30.26,10,7
56,75,0,28.02,7,9
-1,58,0,29.98,10,9
-3,72,0,29.18,10,9
42,51,0,29.25,9,7
-3,78,0,29.4,9,14
-5,58,0,29.98,10,9
-8,53,0,29.11,10,7
-4,58,0,29.98,10,9
7,60,0,30.27,10,9
-1,72,0,29.18,10,9
-6,60,0,30.27,10,9
-3,74,0,29.48,10,15
-5,69,0,29.18,7,7
-7,37,0,24.48,0.25,14
-1,72,0,29.18,10,9
-3,74,0,29,9,11
-6,69,0,29.49,7,8
-13,69,0,29.49,7,8
-9,52,0,30.41,10,8
-6,60,0,29.68,10,6
1,72,0,30.1,10,9
-3,58,0,29.98,10,9
-6,37,0,24.48,0.25,14
-7,69,0.02,29.71,10,9
-5,70,0,29.09,10,22
-6,72,0,30.1,10,9
-10,71,0,29.11,10,17
19,42,0,23.82,10,3
-5,58,0,29.98,10,9
0,67,0,29.84,10,7
-7,47,0,29.32,9,7
2,72,0,29.18,10,9
-7,78,0,30.22,10,11
344,61,0.02,29.12,10,13
-3,59,0,29.98,10,8
-8,56,0,30.03,10,0
-3,49,0,29.41,10,7
-2,42,0,27.53,10,8
-4,69,0,29.49,7,8
1,58,0,29.23,10,0
-2,37,0,24.48,0.25,14
-5,50,0,27.51,10,13
0,58,0,29.98,10,9
-4,53,0,30,10,6
-6,51,0,29.25,9,7
-8,50,0,27.51,10,13
-1,72,0,30.1,10,9
-1,39,0,25.79,10,6
-4,75,0,29.03,8,13
-6,64,0,29.05,10,3
3,31,0.05,26.74,0.75,5
-2,53,0,28.84,0.25,5
1,63,0,29.97,10,0
-4,57,0,30.02,10,5
-4,57,0,30.18,3,9
-5,79,0,29.83,8,25
0,74,0,29.48,10,15
4,79,0,30.09,10,10
-3,79,0.06,30.13,10,15
-4,73,0,29.2,10,16
-5,64,0,29.21,10,9
4,37,0,24.48,0.25,14
1,37,0,24.48,0.25,14
0,70,0,29.1,10,16
107,60,0,28.54,10,14
-9,53,0,30,10,6
15,61,0,29.05,10,7
-6,54,0,30.4,10,7
-1,81,0,29.92,10,17
-4,53,0,28.82,0.25,3
3,76,0,30.12,10,11
-3,51,0,29.99,10,0
-1,63,0,27.72,10,18
-5,77,0,30.07,10,8
-4,51,0,29.25,9,7
8,37,0,24.5,0.25,15
-7,76,0,30.11,10,11
-5,53,0,28.82,0.25,3
-9,60,0,30.27,10,8
-3,45,0,28.88,10,5
21,76,0,30.11,10,11
0,79,0,29.87,10,20
-3,49,0,25.64,10,3
-7,39,0,29.13,4,9
-5,82,0,29.71,10,18
-2,58,0,30.18,5,11
-2,43,0,29.1,0.25,7
-9,45,0,28.99,9,3
-7,45,0,27.13,10,5
-5,76,0,29.49,10,13
3,81,0,29.92,10,17
0,58,0,29.99,10,8
-4,47,0,29.41,10,8
-11,48,0,29.28,9,8
-6,63,0,29.69,10,3
14,65,0,29.19,10,8
-4,60,0,28.87,10,5
-5,42,0,27.53,10,8
-7,73,0.04,30.1,4,11
-5,50,0,30.43,10,3
-3,69,0,28.87,10,7
-8,60,0,28.87,10,5
0,57,0,30.19,9,11
-6,52,0,30.41,10,8
-3,42,0,27.53,10,8
-2,54,0,30.4,10,7
-9,71,0,27.31,10,8
21,49,0.02,29.09,6,5
-6,73,0,28.73,10,5
-7,69,0,28.87,10,7
-3,51,0,30.43,10,8
0,42,0,23.17,10,3
-9,49,0.02,29.09,6,5
0,72,0,29.18,10,9
-3,69,0,29.18,7,7
-8,42,0.03,28.96,6,13
-5,56,0,30.38,10,11
-5,58,0,29.99,10,8
26,60,0,29.68,10,6
-10,60,0,29.22,10,14
37,54,0,30.4,10,7
-7,51,0,30.45,10,0
-4,51,0,29.25,9,7
0,49,0.02,29.09,6,5
-6,61,0,29.05,10,7
2,76,0,30.11,10,11
33,73,0,29.5,10,13
-2,39,0,29.13,4,9
-8,51,0,30.45,10,7
-4,69,0,29.18,7,7
-6,55,0,30.38,10,9
2,75,0.05,30.09,10,11
4,69,0,29.18,7,7
-6,49,0.02,29.09,6,5
-4,46,0,29.4,10,3
-2,72,0,30.13,10,8
-2,52,0,30.41,10,8
-2,69,0,29.49,7,8
-10,42,0,30.13,10,7
-4,42,0,27.13,10,5
2,58,0,30.04,10,3
28,73,0.04,30.1,4,11
-5,58,0,30.04,10,3
-11,57,0,30.37,10,8
-9,46,0,30.24,10,3
-10,70,0,29.34,10,11
-10,37,0,24.5,0.25,15
-3,58,0,30.04,10,3
-5,60,0,30.27,10,9
-4,51,0,30.45,10,0
-8,59,0,29.98,10,8
0,46,0,28.93,7,3
-12,31,0.01,22.5,1,9
2,74,0,30.01,7,9
-4,42,0,29.13,10,9
-2,53,0,30.42,10,5
77,78,0.05,30.09,10,10
-4,60,0,29.68,10,6
-11,56,0,27.3,10,0
-4,52,0,30.41,10,8
1,51,0,30.01,9,6
0,75,0,29.06,10,14
3,72,0,29.18,10,9
13,46,0,29.58,10,8
-11,50,0,24.91,10,5
-7,53,0,29.98,10,6
-4,72,0,29.18,10,9
0,76,0,29.49,10,13
-6,65,0,29.23,10,8
-1,56,0,30.38,10,11
0,77,0,29.41,8,10
-4,43,0,29.12,0.25,6
-8,45,0,27.13,10,5
-1,69,0,29.18,7,7
-3,51,0,29.99,10,0
-5,62,0,30.01,10,6
0,76,0,30.11,10,11
-8,44,0,29.47,10,16
-14,39,0,29.13,4,9
-8,71,0,29.72,10,9
5,77,0,30.19,10,7
-2,38,0,24.45,10,10
-3,57,0,30.02,10,5
8,72,0,29.18,10,9
0,71,0,29.84,10,9
0,52,0,24.7,10,3
0,51,0,30.43,10,8
-1,72,0,30.1,10,9
-2,73,0,30.27,10,6
-4,72,0,29.18,10,9
-5,70,0,26.57,10,8
-15,73,0.03,30.3,10,5
10,56,0,29.13,10,10
27,49,0.02,29.09,6,5
15,71,0,29.19,10,14
-5,72,0,29.73,10,8
-5,48,0,29.28,9,8
-3,58,0,29.99,10,5
-3,51,0,29.99,10,0
-3,73,0,29.5,10,13
-9,62,0.01,29.21,10,8
-7,44,0,25.64,10,0
27,37,0,24.48,0.25,14
-3,58,0,29.97,10,5
-9,55,0,30.38,10,9
-4,63,0,29.69,10,3
0,64,0,29.96,10,5
-4,64,0,25.98,10,5
8,77,0,29.41,8,10
-2,58,0,29.98,10,9
-10,42,0,27.53,10,8
-6,76,0,29.49,10,13
-1,48,0,29.59,10,10
-9,69,0,30.15,10,7
-9,60,0,29.68,10,6
-3,69,0,29.18,7,7
11,76,0,30.11,10,11
-3,69,0,29.18,7,7
0,73,0,29.23,8,11
-9,64,0,28.87,10,7
-4,51,0,26.98,10,0
-6,71,0,29.84,10,9
-11,77,0,29.27,10,14
18,51,0,30.01,9,6
-6,39,0,29.1,10,9
165,53,0,30.41,10,10
-17,48,0,29.4,10,18
-2,45,0.01,29.43,10,16
-6,74,0,30.24,10,5
-7,72,0,30.16,10,6
-5,73,0,28.73,10,5
11,48,0,29.28,9,8
-1,77,0,30.05,10,11
-3,51,0,29.25,9,7
-4,53,0,29.11,10,7
-4,60,0,29.99,10,0
-6,59,0,30.04,10,5
67,77,0,29.27,10,14
-5,51,0,30.44,10,5
0,54,0,30.4,10,7
12,77,0,29.27,10,14
148,64,0,30.12,0.25,3
-2,59,0,29.98,10,8
-3,49,0.02,29.09,6,5
-5,51,0,30.43,10,8
-7,69,0,29.49,7,8
-14,59,0,29.98,10,8
-4,72,0,29.18,10,9
-4,72,0,29.18,10,9
-3,78,0.06,30.12,10,21
-11,50,0,29.6,10,10
5,37,0,24.5,0.25,15
-6,53,0,29.11,10,7
-3,72,0,30.1,10,9
47,53,0,30.18,10,9
0,71,0,29.11,10,17
-2,53,0,30.42,10,5
-1,46,0,29.01,6,3
-5,60,0,30.27,10,8
-14,43,0,29.1,0.25,7
-5,60,0,30.27,10,8
171,37,0,24.48,0.25,14
-8,47,0,30.27,10,3
0,74,0,30.22,10,3
-10,73,0,29.53,10,13
-9,56,0,30.38,10,11
-1,72,0,29.18,10,9
-3,69,0,29.49,7,8
-8,40,0,29.12,10,8
-8,71,0,29.11,10,17
-1,80,0,30.11,10,10
4,60,0,28.54,3,6
-12,61,0,29.67,9,0
-9,34,0,23.55,10,11
0,46,0,23.43,10,9
-1,77,0,30.19,10,7
-8,37,0,24.48,0.25,14
14,61,0,29.67,9,0
-5,53,0,29.11,10,7
-6,57,0,30.18,3,9
-4,60,0,30.01,10,0
-5,37,0,24.48,0.25,14
-17,58,0,29.98,10,9
-2,74,0,29.36,6,10
-5,58,0,28.54,0.12,3
-4,49,0.02,29.09,6,5
-8,53,0,30,10,5
-6,69,0,29.49,7,8
8,73,0.04,30.1,4,11
-12,60,0,29.68,10,6
-8,49,0,29.27,1.5,5
-7,40,0,29.12,10,8
-6,73,0,29.23,8,11
-1,51,0,30.45,10,0
0,79,0.06,30.13,10,15
4,80,0,30.2,10,10
3,59,0,29.2,10,20
-1,42,0,29.13,10,9
-3,60,0,30.27,10,9
-9,48,0,29.4,10,18
-2,64,0,30.01,10,0
-5,61,0.02,28.51,10,3
13,53,0,29.92,10,11
-5,57,0,30.18,3,9
-5,50,0,30.43,10,3
-2,51,0,29.25,9,7
-2,78,0,29.92,9,11
24,55,0,29.96,10,6
0,53,0,30.42,10,5
-6,64,0,28.87,10,7
-2,38,0,24.45,10,10
6,76,0,30.11,10,11
-8,76,0,30.11,10,11
13,44,0,29.12,1.75,7
-11,64,0,28.87,10,7
-8,71,0,28.96,7,21
-8,76,0,30.11,10,11
5,78,0,29.4,9,14
-4,49,0,25.64,10,3
-3,69,0,29.18,7,7
0,78,0.02,30.1,10,22
-5,60,0,29.68,10,6
-10,69,0,28.87,10,7
-9,73,0,28.73,10,5
3,77,0,29.27,10,14
-3,77,0,29.27,10,14
-3,74,0,30.29,10,0
-6,52,0,30.41,10,8
0,57,0.01,29,5,16
-7,61,0,27.7,10,23
-14,43,0,29.1,0.25,7
-1,47,0.31,29.02,4,14
0,54,0,30.4,10,7
-21,85,0,29.66,10,18
22,77,0,29.27,10,14
0,50,0,23.45,10,15
-4,53,0,30.42,10,9
-9,60,0,30.27,10,9
-5,46,0,28.89,10,15
-7,73,0,30.18,10,7
4,70,0,28.72,10,6
25,75,0.05,30.09,10,11
-12,53,0,30.42,10,5
-10,51,0,30.45,10,0
-13,70,0,30.12,10,7
161,53,0,28.82,0.25,3
25,48,0,29.28,9,8
-12,65,0,29.23,10,8
-3,75,0.05,30.09,10,11
-12,74,0,30.24,10,5
23,77,0,29.27,10,14
-5,56,0,29.13,10,10
-5,60,0,29.96,10,0
-1,77,0,29.27,10,14
-5,65,0,27.74,10,11
7,78,0.02,30.1,10,22
-6,52,0,30.43,10,9
6,60,0,29.96,10,0
-1,54,0,30.41,10,9
6,77,0,29.27,10,14
-2,69,0,29.18,7,7
29,56,0,29.13,10,10
105,34,0,25.3,10,0
-13,75,0,30.18,10,8
0,61,0,29.67,9,0
-9,71,0,29.19,10,14
-7,51,0,30.44,10,5
-6,73,0.04,30.1,4,11
-8,56,0,29.13,10,10
-2,52,0,30.41,10,8
-7,56,0,29.13,10,10
12,53,0,29.11,10,7
-2,69,0,29.18,7,7
-8,65,0,28.03,10,3
-8,67,0,28.7,10,6
-10,63,0,29.68,10,3
-2,57,0,28.52,0.25,7
-3,62,0,30.01,10,6
-10,33,0.01,26.77,1.5,10
21,51,0,30.45,10,0
3,43,0,29.1,0.25,7
-3,76,0,29.35,6,7
-6,72,0.01,29.94,5,17
-2,66,0,28.69,10,3
-1,60,0,30.01,10,0
-2,70,0,29.1,10,15
-2,74,0,29.48,10,15
2,77,0,29.27,10,14
-6,49,0.02,29.09,6,5
-3,65,0,30.12,2,6
-12,53,0,28.86,0.25,5
-11,67,0,29.84,10,7
2,78,0,29.92,9,11
-3,68,0,29.2,10,10
-1,70,0,29.1,10,15
-5,63,0,29.99,10,5
7,56,0,29.13,10,10
-1,78,0.05,30.09,10,10
0,77,0,29.27,10,14
-6,51,0,30.43,10,8
-4,53,0,28.82,0.25,3
3,56,0,29.17,10,9
-11,46,0,28.89,10,15
-6,72,0,29.18,10,9
-5,77,0,29.27,10,14
-3,75,0,29.89,8,10
-5,65,0,27.74,10,11
-13,44,0,25.8,10,3
0,69,0,30.2,9,0
-16,58,0,30.04,10,3
21,60,0,30.27,10,8
-3,49,0.02,29.09,6,5
-4,73,0,28.73,10,5
-3,44,0,25.64,10,0
-4,73,0,29.77,10,9
-4,53,0,30,10,6
-5,60,0,30.01,10,0
-7,50,0,29.6,10,10
3,40,0,29.12,10,8
50,84,0,30.1,10,16
130,53,0,28.84,0.25,5
-1,81,0,29.92,10,17
-6,65,0,28.03,10,3
-6,61,0,29.67,9,0
-14,39,0.01,30.14,10,10
-13,71,0,29.84,10,9
-6,53,0,28.84,0.25,5
-3,75,0,29.18,10,9
-1,72,0,30.1,10,9
7,37,0,24.48,0.25,14
-7,59,0,29.98,10,8
-6,49,0.02,29.09,6,5
-11,59,0,29.98,10,8
-3,77,0,29.27,10,14
0,77,0,29.27,10,14
-7,57,0,30.37,10,8
-4,32,0,26.79,10,0
74,61,0,29.03,10,13
-5,51,0,30.44,10,5
2,74,0,29.25,8,11
-8,45,0,30.15,10,6
0,54,0.01,29.01,7,13
7,80,0,30.2,10,10
-5,72,0,29.18,10,9
-5,77,0,29.27,10,14
-7,60,0,30.27,10,9
-3,77,0,29.27,10,14
-12,53,0,30.45,10,6
-4,71,0,29.11,10,17
-5,70,0,29.1,10,15
-3,53,0,29.11,10,7
-4,51,0,29.25,9,7
-4,72,0,29.18,10,9
-8,53,0,30.45,10,6
-1,51,0,29.25,9,7
1,77,0,29.27,10,14
-7,53,0,30.41,10,10
-6,53,0,29.11,10,7
-1,73,0.04,30.1,4,11
5,72,0,30.1,10,9
-2,78,0.06,30.12,10,21
-4,46,0,28.89,10,15
-4,49,0.02,29.09,6,5
-3,73,0,29.23,8,11
-5,78,0.02,30.1,10,22
-2,54,0,29.62,10,5
-2,69,0,29.18,7,7
-3,56,0,29.99,10,0
-4,70,0,28.72,10,6
-2,54,0,28.86,9,6
-9,57,0,30.37,10,8
-7,51,0,30.43,10,8
-7,59,0,29.98,10,8
-9,57,0,23.76,10,10
1,57,0,30.18,3,9
-4,77,0,29.27,10,14
-6,60,0,30.27,10,9
6,73,0,30.19,10,3
-4,49,0.02,29.09,6,5
0,60,0,30.01,10,0
-3,43,0,29.1,0.25,7
4,77,0,29.27,10,14
-5,37,0,24.48,0.25,14
-3,72,0,30.1,10,9
30,33,0,25.57,10,6
-4,51,0,30.45,10,7
16,74,0,29.39,7,8
-7,43,0,29.1,0.25,7
46,53,0,29.11,10,7
-4,58,0,29.98,10,9
-8,61,0.3,29.82,2,18
-6,57,0,30.37,10,8
-10,51,0,29.99,10,0
0,60,0,30.01,10,0
-7,58,0,30.18,5,11
0,37,0,24.5,0.25,15
34,71,0,29.84,10,9
0,74,0,29.36,6,10
9,37,0,24.5,0.25,15
-8,65,0,30.12,2,6
20,63,0,29.68,10,3
-3,71,0,29.56,10,3
-4,37,0,24.48,0.25,14
-5,73,0,29.2,10,16
-4,78,0,29.86,10,11
0,77,0,29.27,10,14
-3,58,0,30.18,5,11
-1,78,0,30.01,10,10
-5,80,0,30.11,10,14
0,57,0,30.37,10,8
-2,59,0,29.98,10,6
-4,59,0,30.04,10,5
-6,40,0,29.12,10,8
4,37,0,24.5,0.25,15
-5,77,0,29.37,7,9
-2,77,0,29.39,7,16
12,35,0,28.31,3,5
-6,76,0,30.11,10,11
-15,53,0,30.45,10,6
-7,72,0,30.1,10,9
-13,52,0,30.41,10,8
3,51,0,30.45,10,7
-8,73,0,28.73,10,5
-4,57,0,30.37,10,8
-14,50,0,29.6,10,10
-3,82,0,30.2,10,13
0,51,0,29.99,10,0
-2,70,0,28.72,10,6
-2,48,0,29.28,9,8
-6,48,0,27.13,10,3
-7,78,0.06,30.12,10,21
-6,37,0,26.27,10,13
10,81,0,29.92,10,17
-8,48,0,30.27,10,0
-7,69,0,29.73,10,8
33,77,0,29.27,10,14
55,47,0,30,10,0
-8,51,0,30.45,10,7
-6,75,0,29.06,10,14
-5,76,0,29.49,10,13
5,73,0.04,30.1,4,11
-4,76,0,29.49,10,13
-6,49,0.02,29.09,6,5
-2,71,0,29.11,10,17
-8,78,0,29.4,9,14
-8,53,0,30.41,10,10
-3,57,0,30.37,10,8
89,46,0,29.82,8,0
-6,53,0,29.11,10,7
-2,73,0,29.84,10,9
-3,43,0,26.88,10,5
7,71,0,29.84,10,9
120,62,0,30.01,10,6
-9,48,0,30.27,10,0
-10,69,0,28.87,10,7
-9,76,0,30.11,10,11
9,69,0,29.49,7,8
-4,45,0,28.92,10,3
-7,78,0.02,30.1,10,22
-1,63,0,29.68,10,3
1,57,0,30.18,3,9
0,51,0,30.45,10,0
79,44,0,25.8,10,3
-4,53,0,29.11,10,7
-2,75,0,29.57,10,9
-6,52,0,30.41,10,8
-9,40,0,26.93,10,8
11,60,0,29.5,10,5
-6,53,0,29.11,10,7
-6,48,0,29.59,10,10
-5,68,0,29.44,10,9
-7,53,0,29.11,10,7
-8,77,0,29.27,10,14
-6,58,0,29.98,10,9
-3,49,0.02,29.09,6,5
-10,47,0,30,10,0
-10,29,0,23.67,10,0
-13,51,0,30.45,10,0
-7,44,0,25.8,10,3
-8,78,0,30.24,10,7
-3,64,0,29.21,10,9
-5,56,0,29.67,9,3
17,74,0,29.48,10,15
-6,78,0.06,30.12,10,21
-7,77,0,29.27,10,14
-5,77,0,29.27,10,14
-5,77,0,29.27,10,14
-2,61,0,29.67,9,0
-5,36,0.02,23.58,7,0
-9,57,0,30.37,10,8
-4,49,0.02,29.09,6,5
-2,53,0,29.11,10,7
-6,53,0,28.82,0.25,3
-5,75,0,29.18,10,9
-11,80,0,30.11,10,22
-2,71,0,29.11,10,17
-4,67,0,28.7,10,6
16,72,0,29.18,10,9
-8,57,0,30.37,10,8
-4,40,0,25.63,10,0
9,73,0,29.23,8,11
0,77,0,29.27,10,14
2,31,0,26.11,10,0
-5,78,0,29.86,10,11
-14,57,0,30.37,10,8
-3,75,0,29.18,10,9
-9,57,0,28.53,0.25,5
-4,44,0,25.15,10,3
-6,39,0,29.13,4,9
-11,53,0,29.11,10,7
-5,54,0,30.4,10,7
124,75,0,29.03,8,13
-1,77,0,29.37,7,9
-2,78,0,29.53,10,13
-1,53,0.03,29.16,6,3
-2,56,0,27.3,10,0
2,48,0,27.13,10,3
0,76,0,29.49,10,13
2,48,0,29.28,9,8
-5,69,0,29.18,7,7
-1,73,0,29.5,10,13
852,65,0,27.74,10,11
-1,75,0,29.39,8,9
-3,51,0,30.45,10,7
9,76,0,30.11,10,11
-9,54,0,30.4,10,7
0,59,0,30.04,10,5
-1,69,0,29.73,10,8
-7,60,0,30.27,10,9
1,37,0,24.5,0.25,15
-4,77,0,30.04,10,15
-8,43,0,29.1,0.25,8
52,37,0,24.48,0.25,14
-4,55,0,30.38,10,9
0,37,0,24.5,0.25,15
24,53,0.03,29.16,6,3
0,61,0,27.7,10,23
-6,77,0,30.08,10,9
9,76,0,30.11,10,11
-1,76,0,30.11,10,11
-11,54,0,29.23,10,0
-7,59,0,30.04,10,5
-5,72,0,29.18,10,9
24,68,0,29.23,10,9
-12,64,0,29.96,10,5
-9,38,0,29.66,10,0
-5,60,0,27.68,10,15
-9,63,0,29.69,10,3
-2,64,0,28.87,10,7
0,64,0,29.05,10,3
-3,43,0,29.1,0.25,8
10,50,0,29.6,10,10
26,78,0.02,30.1,10,22
5,68,0,29.23,10,9
-5,60,0,30.01,10,0
-3,50,0,30.28,10,0
54,77,0,29.41,8,10
16,58,0,30.18,5,11
-2,53,0,29.11,10,7
0,77,0,29.27,10,14
-2,77,0,29.27,10,14
-11,61,0,27.7,10,23
-5,48,0,29.28,9,8
-5,72,0,29.18,10,9
-6,53,0,29.11,10,7
-11,57,0,29.84,10,3
-1,64,0.15,29.74,10,13
4,74,0,29.25,8,11
-4,38,0,24.45,10,10
-9,44,0,28.68,10,3
0,53,0,30.42,10,9
-3,77,0,29.27,10,14
1,53,0,30.41,10,10
-11,53,0,29.11,10,7
0,77,0,29.27,10,14
1,51,0,30.45,10,0
-2,57,0,30.37,10,8
-9,45,0,29.72,10,5
-7,59,0,30.04,10,5
6,75,0.05,30.09,10,11
-2,50,0,30.4,10,3
2,78,0.02,30.1,10,22
7,75,0.1,30.1,7,15
-3,72,0,29.18,10,9
-5,80,0,30.11,10,22
-7,73,0,30.18,10,7
6,51,0,30.45,10,0
-3,50,0,29.6,10,10
-4,42,0,29.13,10,9
-2,72,0,29.18,10,9
-2,56,0,29.13,10,10
-5,48,0,29.28,9,8
-4,75,0.05,30.09,10,11
-1,49,0.02,29.09,6,5
3,59,0,30.04,10,5
109,77,0,29.27,10,14
4,31,0.01,24.72,4,7
-2,52,0,30.43,10,9
-3,69,0,29.18,7,7
-5,75,0,29.18,10,9
-5,76,0,29.85,10,13
-7,77,0,30.08,10,9
-3,73,0,29.84,10,9
-4,42,0,29.13,10,9
-7,52,0,30.41,10,8
-4,60,0,28.54,3,6
4,51,0,30.44,10,5
-2,71,0,29.84,10,9
11,81,0,29.96,10,15
-5,75,0,29.11,10,11
23,51,0,30.44,10,5
-4,60,0,29.96,10,0
33,73,0,29.5,10,13
-5,65,0,27.74,10,11
0,56,0,29.13,10,10
-3,54,0,30.41,10,9
-3,38,0,24.45,10,10
0,53,0,29.11,10,7
0,54,0,30.41,10,9
92,53,0,30.41,10,10
-2,69,0,29.49,7,8
-7,77,0,29.39,7,16
-5,76,0,29.49,10,13
-10,53,0,29.11,10,7
0,60,0,30.27,10,9
-4,53,0,29.11,10,7
-6,37,0,24.48,0.25,14
3,51,0,29.25,9,7
-7,77,0,29.27,10,14
-3,56,0,27.3,10,0
-6,71,0,25.99,10,8
1,74,0,29.48,10,15
-2,56,0,30.38,10,11
-2,74,0,30.22,10,3
-8,63,0,29.99,10,5
3,37,0,24.5,0.25,15
-6,65,0,27.74,10,11
-9,54,0,30.4,10,7
-7,48,0,29.28,9,8
0,79,0,30.12,10,16
-5,77,0,30.12,10,14
6,77,0,30.19,10,7
-9,72,0,29.18,10,9
-4,73,0,29.84,10,9
2,77,0,30.08,10,9
-2,80,0,30.11,10,14
-1,57,0,30.18,3,9
-1,58,0,29.97,10,5
20,56,0,29.17,10,9
-6,83,0,30.01,10,21
15,77,0,29.41,8,10
15,60,0,30.27,10,9
-1,74,0,29.39,7,8
-5,60,0,29.23,10,0
-2,59,0,29.98,10,8
-3,53,0,29.11,10,7
-9,66,0,29.19,10,13
10,53,0,29.11,10,7
-6,42,0,29.13,10,9
-1,58,0,30.18,5,11
-1,76,0,30.12,10,11
-5,60,0,29.23,10,0
-3,58,0,29.99,10,5
-5,70,0,28.72,10,6
2,66,0,29.99,10,5
-8,67,0,28.7,10,6
-7,66,0,28.69,10,3
-7,56,0,29.64,10,5
-16,63,0,29.97,10,0
-10,53,0,30.45,10,6
-3,76,0,29.49,10,13
-2,73,0,29.5,10,13
-3,48,0,29.59,10,10
174,42,0,23.82,10,3